Station_Name,Station_Code,Lat,Long,Average_Delay
ABHAIPUR,AHA,25.2159864584,86.3230724591,91.83333333333333
ABHAYAPURI ASAM,AYU,26.356599,90.641696,322.5
ABOHAR,ABS,30.1393834225,74.1956861774,41.333333333333336
ABU ROAD,ABR,24.470775,72.775695,19.56
ACHHNERA JN,AH,27.1817602284,77.7578389026,41.875
ADAVALI,ADVI,16.921753,73.592514,126.0
ADESAR,AAR,23.5529783995,70.9720505023,29.4
ADHARTAL,ADTL,23.227389,79.972274,6.0
ADILABAD,ADB,19.680104,78.535285,79.5
ADIPUR,AI,23.0770527,70.0786586,57.714285714285715
ADONI,AD,15.617035,77.27485,50.96153846153846
ADRA JN,ADRA,23.495992,86.674665,69.22727272727273
ADRSH NGR DELHI,ANDI,28.714205,77.166707,58.0
ADUTURAI,ADT,11.009165,79.478668,24.5
AGARTALA,AGTL,23.792417,91.278481,116.0
AGRA CANTT,AGC,27.157992,77.990153,57.63636363636363
AGRA FORT,AF,27.183308,78.0191,60.689655172413794
AHMADNAGAR,ANG,19.0755194777,74.721882467,104.19444444444444
AHMADPUR JN,AMP,23.8325090573,87.6928410938,15.0
AHMEDABAD JN,ADI,23.025515,72.601516,28.848275862068967
AISHBAGH,ASH,26.8373880081,80.9096067993,89.77272727272727
AIT,AIT,25.903719,79.230436,134.0
AJJAMPUR,AJP,13.7283327,76.0097415,15.5
AJMER JN,AII,26.456612,74.637464,32.41538461538462
AJNI,AJNI,21.1268588122,79.0825197485,27.545454545454547
AKALKOT ROAD,AKOR,17.450243,76.137689,21.5
AKALTARA,AKT,22.029121,82.422049,66.5
AKBARPUR,ABP,26.429818,82.539073,105.0
AKIVIDU,AKVD,16.582654,81.369055,40.75
AKODIA,AKD,23.378255,76.599245,46.25
AKOLA JN,AK,20.723084,77.005497,74.29347826086956
ALAMNAGAR,AMG,26.84708,80.860312,27.0
ALER,ALER,17.6459553,79.0483414,51.833333333333336
ALIA BADA,ALB,22.44677,70.210367,36.5
ALIGARH JN,ALJN,27.889584,78.074559,78.8048780487805
ALIPUR DUAR JN,APDJ,26.523279,89.534048,281.5
ALLEPPEY,ALLP,9.483759,76.322476,57.92857142857143
ALUABARI ROAD,AUB,26.269681,88.18561,39.5
ALUVA,AWY,10.108163,76.356508,75.27450980392157
ALWAR,AWR,27.559273,76.621265,27.558823529411764
AMALNER,AN,21.049009,75.057314,26.103448275862068
AMALSAD,AML,20.811373,72.956092,14.0
AMBALA CANT JN,UMB,30.338918,76.826966,67.06741573033707
AMBALAPUZHA,AMPA,9.386059,76.363817,82.33333333333333
AMBANDAURA,AADR,31.670727,76.110391,76.5
AMBASA,ABSA,23.930507,91.860783,137.5
AMBATURAI,ABI,10.272226,77.924468,13.5
AMBIKAPUR,ABKP,23.137032,83.145109,18.5
AMBLI ROAD,ABD,23.05437,72.494044,11.5
AMBODALA,AMB,19.8363234649,83.4563524799,34.5
AMBUR,AB,12.782934,78.721266,23.166666666666668
AMDARA,UDR,24.0995008758,80.5779045111,35.25
AMETHI,AME,26.153024,81.806276,46.166666666666664
AMGAON,AGN,21.3612928554,80.3746491022,54.25
AMLA JN,AMLA,21.919717,78.123187,77.2
AMLAI,AAL,23.173469,81.593507,47.5
AMRAVATI,AMI,20.9300829,77.7577863,5.857142857142857
AMRITSAR JN,ASR,31.631512,74.858025,75.02941176470588
AMROHA,AMRO,28.892688,78.474329,42.75
ANAKAPALLE,AKP,17.695503,83.008851,44.82142857142857
ANAND JN,ANND,22.561307,72.965733,36.28703703703704
ANAND NAGAR,ANDN,27.103714,83.270698,34.0
ANAND VIHAR TRM,ANVT,28.6505035654,77.31521255,73.26415094339623
ANANDPUR SAHIB,ANSB,31.2305136,76.5006035,56.5
ANANTAPUR,ATP,14.686478,77.595312,42.86666666666667
ANAPARTI,APT,16.935817,81.953181,34.25
ANARA,ANR,23.481082,86.559763,29.75
ANDAL JN,UDL,23.579012,87.181194,11.428571428571429
ANDHERI,ADH,19.1174289,72.846853,17.166666666666668
ANGAMALI,AFK,10.183676,76.37786,76.5
ANGUL,ANGL,20.859445,85.099994,61.9
ANJAR,AJE,23.1194723,70.0366109,14.142857142857142
ANKLESHWAR JN,AKV,21.623889,73.000633,23.193548387096776
ANKOLA,ANKL,14.645347,74.332936,87.0
ANNAVARAM,ANV,17.269633,82.419677,44.23076923076923
ANTAH,ATH,25.1611771,76.3072684,20.0
ANUGRAHA N ROAD,AUBR,24.8559556,84.3298444,98.42857142857143
ANUPPUR JN,APR,23.117312,81.695967,118.7
ARA,ARA,25.548889,84.662596,146.13888888888889
ARAKKONAM,AJJ,13.081512,79.667991,42.028169014084504
ARALVAYMOZHI,AAY,8.2494513612,77.5292646945,13.0
ARANTANGI,ATQ,10.1644690569637,78.9968481380492,11.5
ARARIYA COURT,ARQ,26.114921,87.446912,51.0
ARAVALI ROAD,AVRD,17.316531,73.53816,121.5
ARIYALUR,ALU,11.150035,79.068318,34.5625
ARSIKERE JN,ASK,13.314425,76.2520848,30.423076923076923
ARUMUGANERI,ANY,8.579144,78.091842,13.0
ARUPPUKKOTTAI,APK,9.524631681,78.10189147,14.0
ASALPUR JOBNER,JOB,26.900084,75.423467,18.5
ASANSOL JN,ASN,23.691441,86.975152,55.172413793103445
ASARVA JN,ASV,23.043981,72.612937,2.5
ASHOK NAGAR,ASKN,24.58015,77.726725,104.33333333333333
ATARRA,ATE,25.291367,80.576491,90.83333333333333
ATELI,AEL,28.100118,76.253105,17.5
ATRU,ATRU,24.8821354,76.6702185,23.0
ATTABIRA,ATS,21.388039,83.792637,90.5
ATTUR,ATU,11.594788,78.592092,16.5
ATUL,ATUL,20.544593354,72.9271335858,13.0
AUNG,AUNG,26.16423,80.544495,39.0
AUNRIHAR JN,ARJ,25.54466,83.187272,48.57142857142857
AURANGABAD,AWB,19.859276,75.310646,134.83333333333334
AVADI,AVD,13.118247,80.100518,33.5
AYODHYA DHAM JN,AY,26.787784,82.200604,76.57142857142857
AYODHYAPATTANAM,APN,11.671392,78.233642,9.0
AZAMGARH,AMH,26.038607,83.160614,197.5
BABATPUR,BTP,25.453616,82.8800248,164.0
BABHNAN,BV,26.938525,82.500127,74.8
BABINA,BAB,25.237832,78.451748,67.28571428571429
BACHHRAWAN,BCN,26.4773211,81.1054565,37.5
BADAMI,BDM,15.958918,75.6767002,107.5
BADARPUR JN,BPB,24.8651775,92.5563227,165.7
BADARWAS,BDWS,24.98333982,77.56182792,55.5
BADNERA JN,BD,20.8567925,77.7323197,68.09210526315789
BADSHAHNAGAR,BNZ,26.8686134,80.9613606,73.28571428571429
BADSHAHPUR,BSE,25.652268,82.190552,34.0
BAGAHA,BUG,27.130045,84.066991,206.16666666666666
BAGALKOT,BGK,16.1787931,75.7002383,103.0
BAGBAHRA,BGBR,21.0462946,82.3841486,38.333333333333336
BAGDIHI,BEH,21.951046,84.18631,28.0
BAGEVADI RD,BSRX,16.47986853,75.82814753,97.5
BAGNAN,BZN,22.462515,87.970711,34.5
BAHADUR SINGH W,BSS,30.319025,75.858906,29.0
BAHADURGARH,BGZ,28.700863,76.930886,32.92307692307692
BAHERI,BHI,28.777391,79.5003221,40.25
BAIKUNTHPUR RD,BRH,23.317286,82.5298836,58.0
BAIRAGNIA,BGU,26.738282,85.273334,60.5
BAJVA,BJW,22.3662226,73.1431251,2.0
BAKHTIYARPUR JN,BKP,25.45611,85.529564,129.7741935483871
BALAGHAT JN,BTC,21.8116285,80.1998853,87.75
BALAMU JN,BLM,27.167363,80.352497,80.75
BALANGIR,BLGR,20.688591,83.494207,76.95833333333333
BALASORE,BLS,21.500521,86.919582,76.9375
BALHARSHAH,BPQ,19.8490173,79.3485858,53.56310679611651
BALLABGARH,BVH,28.3408609239,77.312775968,55.888888888888886
BALLIA,BUI,25.76057,84.15312,58.54545454545455
BALOTRA JN,BLT,25.830071,72.248683,36.5
BALRAMPUR,BLP,27.4158206073,82.1606698987,56.0
BALUGAN,BALU,19.747366,85.200953,97.72340425531915
BAMNIA,BMI,23.0957635,74.7590158,66.3
BAMRA,BMB,22.051355,84.291044,71.16666666666667
BANAPURA,BPF,22.4703575471,77.4807316095,60.0
BANASANDRA,BSN,13.265332,76.659317,17.5
BANASTHALI NIWAI,BNLW,26.3839278087,75.9351100635,30.9
BANASWADI,BAND,13.00573,77.628196,45.25
BANDA JN,BNDA,25.477677,80.336246,88.66666666666667
BANDAKPUR,BNU,23.848206,79.575956,42.0
BANDEL JN,BDC,22.9236565,88.3793623,8.0
BANDIKUI JN,BKI,27.039271,76.566723,35.541666666666664
BANDRA TERMINUS,BDTS,19.061911,72.840535,11.626666666666667
BANGALORE CANT,BNC,12.9936735,77.5993269,30.227272727272727
BANGALORE EAST,BNCE,13.00148,77.6184701,44.666666666666664
BANGARAPET,BWT,12.984808,78.178188,49.588235294117645
BANGRIPOSI,BGY,22.130678,86.501362,36.0
BANKHEDI,BKH,22.7748819,78.5379969,39.5
BANKURA,BQA,23.2243871,87.0746875,70.77272727272727
BANO,BANO,22.6647837973,84.9029854114,74.0
BANSPANI,BSPX,22.00024281,85.42341227,179.0
BAPATLA,BPP,15.9086144,80.4684248,57.1875
BAPUDHAM MOTIHARI,BMKI,26.655733,84.90529,221.57142857142858
BARABANKI JN,BBK,26.935335,81.18104,99.36842105263158
BARABHUM,BBM,23.0912864,86.2112372,43.5
BARADWAR,BUA,22.011725,82.813724,93.0
BARAHAT,BHLE,24.9206004744,87.0100837976,36.25
BARAKAR,BRR,23.7416829,86.818859,23.6
BARAN,BAZ,25.0967701,76.5051284,73.625
BARAUNI JN,BJU,25.461768,85.988748,153.42857142857142
BARDDHAMAN JN,BWN,23.249718,87.870281,48.57575757575758
BARDOLI,BIY,21.1342405,73.1058944,265.6666666666667
BAREILLY,BE,28.3371543,79.4108444,76.57692307692308
BAREILLY,BRY,28.3372843,79.4109744,46.25
BAREILLY CITY,BC,28.3556564,79.403718,43.5
BAREJADI,BJD,22.8954267,72.6778863,13.0
BARETA,BRZ,29.8593339,75.6924026,28.0
BARGARH ROAD,BRGA,21.332903,83.642586,78.58333333333333
BARGAWAN,BRGW,24.197002,82.455989,74.5
BARH,BARH,25.46165,85.709426,64.58333333333333
BARHIYA,BRYA,25.2832026,86.0150768,44.25
BARIARPUR,BUP,25.2810286076,86.5740372229,28.875
BARIPADA,BPO,21.9227408,86.73709,31.5
BARKA KANA,BRKA,23.624159,85.469553,94.25
BARKUR,BKJ,13.4774588,74.7596804,47.25
BARMER,BME,25.7445219,71.397067,14.2
BARNAGAR,BNG,23.0304117,75.6111208,20.75
BARNALA,BNN,30.3703968,75.5492466,54.5
BARPALI,BRPL,21.1836377,83.5948758,104.0
BARPETA ROAD,BPRD,26.5028473,90.9639649,119.9
BARRACKPORE,BP,22.7610653,88.371428,7.0
BARSI TOWN,BTW,18.240993,75.718169,20.5
BARSOI JN,BOE,25.6512422,87.9229421,125.71428571428571
BARWA SAGAR,BWR,25.351848,78.731628,72.33333333333333
BASAR,BSX,18.86512,77.938506,70.16666666666667
BASMAT,BMF,19.3334723149,77.1517775964,33.666666666666664
BASNI,BANE,26.222963,73.010639,50.0
BASTA,BTS,21.7029241,87.0637831,26.0
BASTI,BST,26.815678,82.770059,142.93939393939394
BASWA,BU,27.149686,76.575644,17.0
BATALA JN,BAT,31.8214816,75.1944316,28.5
BAVLA,VLA,22.833389,72.365123,25.0
BAYANA JN,BXN,26.916354,77.297131,62.05882352941177
BAYTU,BUT,25.897538,71.76868,17.5
BAZPUR,BPZ,29.1578998,79.1463827,24.0
BEAS,BEAS,31.5193738,75.2908085,84.05882352941177
BEAWAR,BER,26.1089078,74.3149711,15.173913043478262
BECHHIWARA,BHWA,23.787792,73.535256,4.5
BEDHAM,BEDM,27.453929,77.209461,13.0
BEGU SARAI,BGS,25.425296,86.134476,114.23076923076923
BEGUMPET,BMT,17.4388739,78.4586266,23.833333333333332
BELA TAL,BTX,25.2767862477,79.5544818896,120.0
BELAGAVI,BGM,15.8492433,74.5095639,37.22222222222222
BELAMPALLI,BPA,19.0536892,79.4863374,78.53333333333333
BELAPUR,BAP,19.6195693118,74.6617443079,121.25
BELDA,BLDA,22.07144398,87.33691374,35.285714285714285
BELLARY JN,BAY,15.145135,76.921995,26.166666666666668
BELPAHAR,BPH,21.8272123,83.8490763,73.83333333333333
BELTHARA ROAD,BLTR,26.121418,83.841719,125.5
BEOHARI,BEHR,24.0002687,81.3797154,97.0
BERCHHA,BCH,23.2824808,76.3341929,24.166666666666668
BETNOTI,BTQ,21.74134,86.8435187,33.0
BETTIAH,BTH,26.8058847,84.5229561,210.83333333333334
BETUL,BZU,21.896393,77.905897,79.421875
BHABHAR,BAH,24.06528,71.615774,16.25
BHABUA ROAD,BBU,25.173007,83.618913,87.44444444444444
BHACHAU BG,BCOB,23.301391,70.344972,33.45454545454545
BHADOHI,BOY,25.3952636,82.5583597,59.0
BHADRACHALAM RD,BDCR,17.550365,80.616024,40.5
BHADRAKH,BHC,21.0917458,86.5162305,78.3896103896104
BHADRAVATI,BDVT,13.8424287,75.702832,14.0
BHAGA JN,VAA,23.723331,86.405555,89.5
BHAGALPUR,BGP,25.2419093,86.9767918,86.0
BHAGAT KI KOTHI,BGKT,26.2484972,73.0133366,14.214285714285714
BHAKTI NAGAR,BKNG,22.282963,70.792278,104.0
BHALKI,BHLK,18.0470111,77.228081,15.5
BHANDAI,BHA,27.06906445,77.96680748,144.0
BHANDAK,BUX,20.084262,79.112528,60.5
BHANDARA ROAD,BRD,21.238512,79.647523,75.58333333333333
BHANVAD,BNVD,21.9330444,69.7988578,63.0
BHARAT KUP,BTKP,25.217166,80.767679,172.91666666666666
BHARATPUR JN,BTE,27.237107,77.488613,42.31666666666667
BHARTHANA,BNT,26.7502248,79.2163612,44.75
BHARUCH JN,BH,21.706907,72.997689,32.73529411764706
BHARWARI,BRE,25.5591917,81.4918665,45.75
BHATAPARA,BYT,21.732464,81.946062,76.21052631578948
BHATINDA JN,BTI,30.209488,74.932083,25.125
BHATIYA,BHTA,22.0881542,69.2803623,26.5
BHATKAL,BTJL,13.98866,74.5655589,68.3125
BHATNI JN,BTT,26.381257,83.934035,117.0
BHATTU,BHT,29.387323,75.34013,51.0
BHAVANAGAR PARA,BVP,21.77089,72.118682,16.5
BHAVNAGAR TRMUS,BVC,21.781668,72.141059,12.7
BHAWANI MANDI,BWM,24.419472,75.82981,50.714285714285715
BHAWANIPATNA,BWIP,19.93393,83.158398,13.0
BHAYANDAR,BYR,19.311766,72.853039,13.0
BHESTAN,BHET,21.1278829,72.8613128,24.5
BHILAD,BLD,20.2753232,72.887446,16.0
BHILAI PWR HS,BPHB,21.208119,81.375901,30.818181818181817
BHILDI,BLDI,24.194251,72.008187,17.1875
BHILWARA,BHL,25.3435508,74.6307734,27.9
BHIMAVARAM TOWN,BVRT,16.547348,81.516853,21.5
BHIND,BIX,26.5889049,78.7774353,28.6
BHIWANDI ROAD,BIRD,19.268544,73.045654,24.7
BHIWANI,BNW,28.7984261,76.1255797,33.25
BHODWAL MAJRI,BDMJ,29.1852092,77.0082364,39.193548387096776
BHOJUDIH JN,BJE,23.642175,86.4469993,50.25
BHONGIR,BG,17.524696,78.89847,51.875
BHOPAL JN,BPL,23.2668843843,77.4131428577,54.111111111111114
BHUBANESHWAR NEW,BBSN,20.382175,85.835187,17.5
BHUBANESWAR,BBS,20.265388,85.842595,79.96350364963503
BHUJ,BHUJ,23.2660225,69.6778278,25.5
BHULANPUR,BHLP,25.2878753,82.9575192,25.5
BHUSANDPUR,BSDP,19.9517927,85.4764825,23.5
BHUSAVAL JN,BSL,21.0472812,75.7886717,91.82266009852216
BHUTESHWAR,BTSR,27.50137,77.66784,15.5
BIBINAGAR,BN,17.470511,78.794355,29.0
BICHPURI,BCP,27.176397,77.91435,25.0
BIDADI,BID,12.8004252,77.3902984,12.4
BIDAR,BIDR,17.9116836,77.5137793,32.333333333333336
BIHAR SHARIF,BEHS,25.206116,85.5390747,76.33333333333333
BIHIYA,BEA,25.558893,84.448984,73.66666666666667
BIHTA,BTA,25.5609486,84.8740874,75.16666666666667
BIJAINAGAR,BJNR,25.931003,74.6530589,25.75
BIJURI,BJRI,23.2503386,82.1189461,55.0
BIJWASAN,BWSN,28.5367,77.051292,11.0
BIKANER JN,BKN,28.014139,73.316598,19.121951219512194
BILASPUR JN,BSP,22.057473,82.167585,91.11428571428571
BILHAUR,BLU,26.839002,80.060383,40.5
BILIMORA JN,BIM,20.763319,72.970474,16.11764705882353
BINA JN,BINA,24.1709735,78.1831998,53.397590361445786
BINA MALKHEDI JN,MAKR,24.169924,78.223009,106.6
BINDKI ROAD,BKO,26.116562,80.580557,40.5
BIRSINGHPUR,BRS,23.3672117,81.0433529,43.5
BIRUR JN,RRB,13.591101,75.974749,30.142857142857142
BISHNUPUR,VSU,23.065499,87.301071,42.57142857142857
BISSAMCUTTACK,BMCK,19.487438,83.458973,18.5
BITRAGUNTA,BTTR,14.7685848,79.983146,33.5
BIYAVRA RAJGARH,BRRG,23.93591,76.907007,41.75
BOBBILI,VBL,18.576764,83.345722,50.2
BOINDA,BONA,20.9200366,84.7482064,49.75
BOISAR,BOR,19.7985273,72.761899,27.80952380952381
BOKARO STL CITY,BKSC,23.656551,86.085016,46.3
BOLPUR S NIKTN,BHP,23.657804,87.698136,93.5
BOMMIDI,BQI,11.984698435,78.2462805359,20.666666666666668
BONDAMUNDA,BNDM,22.2355174,84.9250581,129.5
BORDHAL,BXY,21.997011,78.348164,20.5
BORDI ROAD,BRRD,20.122424,72.766138,14.0
BORIVALI,BVI,19.228739,72.856412,26.20353982300885
BOTAD JN,BTD,22.1828706,71.6655966,32.88235294117647
BRAHMAPUR,BAM,19.2961348,84.7966912,94.81395348837209
BRAJRAJNAGAR,BRJN,21.822718,83.923653,119.78571428571429
BRIJ NAGAR,BINR,27.439639,77.089708,38.166666666666664
BUDALUR,BAL,10.782843,78.981443,19.333333333333332
BUDAUN,BEM,28.0274922,79.1360237,50.25
BUDHLADA,BLZ,29.9217422,75.5496866,27.0
BULANDSHAHR,BSC,28.3919187,77.8482415,88.5
BUNDI,BUDI,25.407922,75.650699,68.16666666666667
BURAMARA,BWO,22.107567,86.650295,30.0
BURHANPUR,BAU,21.3343976,76.1986787,68.48571428571428
BURHAR,BUH,23.213204,81.528406,88.25
BURNPUR,BURN,23.6719137,86.9386234,27.0
BUXAR,BXR,25.562067,83.982184,146.55555555555554
BYADGI,BYD,14.6997230018,75.4900954675,19.5
C SHAHUMHARAJ T,KOP,16.70257,74.237695,13.333333333333334
CASTLE ROCK,CLR,15.397879,74.334484,87.0
CHACHAURA BNGJ,CBK,24.178144,77.016603,33.666666666666664
CHAIBASA,CBSA,22.560494,85.812342,152.0
CHAKARBHATHA,CHBT,22.003082,82.112168,7.5
CHAKIA,CAA,26.417182,85.04636,95.0
CHAKRADHARPUR,CKP,22.678979,85.627771,152.3095238095238
CHAKULIA,CKU,22.478149,86.721161,72.625
CHALAKUDI,CKI,10.3017975,76.3218076,85.7
CHALISGAON JN,CSN,20.464109,74.999049,84.21052631578948
CHALTHAN,CHM,21.157909,72.95617,365.25
CHAMPA,CPH,22.034731,82.665149,120.6470588235294
CHANDA FORT,CAF,19.9400612,79.3122585,53.0
CHANDAULI MJHWR,CDMR,25.261093,83.267724,466.0
CHANDERIYA,CNA,24.939558,74.629979,49.125
CHANDI MANDIR,CNDM,30.727071,76.886839,62.0
CHANDIGARH,CDG,30.7019773,76.82208,40.23076923076923
CHANDIL JN,CNI,22.956014,86.072109,39.5
CHANDLODIYA,CLDY,23.074516,72.543606,13.166666666666666
CHANDRAKONA RD,CDGR,22.739076,87.340588,22.0
CHANDRAPUR,CD,19.960126,79.300505,80.12676056338029
CHANDRAPURA,CRP,23.755676,86.119775,54.25
CHANDUR,CND,20.8045192,77.9821558,39.9
CHANGANASERI,CGY,9.449881,76.548414,47.875
CHANNAPATNA,CPT,12.659673,77.203824,12.0
CHANPATIA,CAI,26.94163,84.530639,138.0
CHAPARMUKH JN,CPK,26.202272,92.511718,179.0
CHARKHI DADRI,CKD,28.600799,76.279921,15.0
CHARLAPALLI,CHZ,17.457672,78.605619,43.833333333333336
CHARVATTUR,CHV,12.213321,75.15435,16.0
CHATRAPUR,CAP,19.3589572,84.973273,88.04545454545455
CHAU MAHLA,CMU,23.948205,75.600861,28.0
CHAUSA,CSA,25.4984911003,83.8963314038,105.5
CHAUTH KA BRWRA,CKB,26.051333,76.149053,28.0
CHENGALPATTU,CGL,12.692864,79.981519,23.979591836734695
CHENGANNUR,CNGR,9.319504,76.608271,82.5
CHENNAI BEACH,MSB,13.09034,80.291601,19.0
CHENNAI CENTRAL,MAS,13.0847613,80.2748563,22.182692307692307
CHENNAI CHETPAT,MSC,13.074663,80.24337,1.0
CHENNAI EGMORE,MS,13.077678,80.260193,30.392857142857142
CHHABRA GUGOR,CAG,24.680339,76.850989,17.75
CHHAPRA,CPR,25.78832,84.725004,91.26086956521739
CHHATNA,CJN,23.305386,86.975734,20.0
CHHAYAPURI,CYI,22.388284,73.179698,58.458333333333336
CHHINDWARA JN,CWA,22.058201,78.953212,15.5
CHIDAMBARAM,CDM,11.391471,79.7033411,38.083333333333336
CHIK BANAVAR,BAW,13.073539,77.506341,26.8
CHIKJAJUR JN,JRU,14.126112,76.138705,39.25
CHILKA,CLKA,19.686694,85.179914,27.0
CHINCHVAD,CCH,18.638903,73.791392,42.833333333333336
CHINNA SALEM,CHSM,11.631062,78.873821,16.5
CHIPLUN,CHI,17.5425074,73.522429,106.78571428571429
CHIPURUPALLE,CPP,18.316259,83.569608,60.833333333333336
CHIRALA,CLX,15.830755,80.353602,69.21951219512195
CHIRAWA,CRWA,28.2233413650416,75.6506845168769,19.0
CHITAL,CTL,21.745689,71.218128,28.5
CHITRADURG,CTA,14.231154,76.386431,47.0
CHITRAKOOTDHAM,CKTD,25.217611,80.922775,79.71428571428571
CHITTAPUR,CT,17.1197808,77.0904516,27.375
CHITTARANJAN,CRJ,23.857138,86.878036,88.75
CHITTAURGARH,COR,24.874341,74.623687,19.055555555555557
CHITTOOR,CTO,13.219857,79.103252,50.81818181818182
CHITYALA,CTYL,17.221960824,79.135713114,45.0
CHOPAN,CPU,24.51403,83.025843,32.0
CHORVAD ROAD,CVR,21.055196,70.290734,20.5
CHOTI KHATU,CTKT,27.155534,74.35723,28.125
CHOURARI,CHUA,22.057632,79.246686,25.0
CHUNAR,CAR,25.103351,82.874703,93.6
CHURU,CUR,28.288281,74.966203,30.227272727272727
COIMBATORE JN,CBE,10.997639,76.966298,59.17391304347826
COIMBATORE NRTH,CBF,11.019937,76.954304,20.125
CUDDALORE PORT,CUPJ,11.715119,79.766287,41.333333333333336
CUDDAPAH,HX,14.45169,78.829184,32.75
CUTTACK,CTC,20.466588,85.90156,89.70297029702971
DABHAURA,DBR,25.11793,81.303125,30.0
DABLA,DBLA,27.88868543,75.9464005609,20.0
DABRA,DBA,25.881197,78.331015,62.19230769230769
DADAR,DDR,19.019731,72.843465,28.071428571428573
DADAR,DR,19.017179,72.842972,60.113207547169814
DAHANU ROAD,DRD,19.991217,72.743368,27.095238095238095
DAHOD,DHD,22.843607,74.253374,44.0
DAKANIYA TALAV,DKNT,25.145188,75.865501,20.75
DALKOLHA,DLK,25.873416,87.838877,35.5
DALSINGH SARAI,DSS,25.6647486,85.8414652,51.5
DALTONGANJ,DTO,24.033075,84.074843,72.0
DAMCHARA,DCA,25.012661,92.749675,232.0
DAMNAGAR,DME,21.688346,71.509053,41.0
DAMOH,DMO,23.836693,79.432246,96.86666666666666
DANAPUR,DNR,25.581921,85.044629,130.21818181818182
DANGOAPOSI,DPS,22.167964,85.59273,168.5
DANIYAWAN BZR H,DNWH,25.4345036206,85.2908951074,51.5
DANKUNI,DKAE,22.677422,88.291491,135.38888888888889
DANTAN,DNT,21.930376,87.284055,30.0
DARA,DARA,24.832609,76.005784,26.0
DARBHANGA JN,DBG,26.157088,85.907575,140.8
DARYABAD,DYD,26.861303,81.550114,46.0
DASUYA,DZA,31.80853,75.657932,71.5
DATIA,DAA,25.64107,78.456356,61.63636363636363
DAUND CHORD LINE,DDCC,18.4671,74.5535,99.53333333333333
DAUND JN,DD,18.463547,74.578622,43.59090909090909
DAUSA,DO,26.900047,76.330336,33.08
DAVANGERE,DVG,14.467834,75.92229,29.65
DEEG,DEEG,27.48655053,77.32451142,38.166666666666664
DEGANA JN,DNA,26.897349,74.316388,32.26086956521739
DEHRADUN,DDN,30.3140377,78.0336011,61.0
DEHRI ON SONE,DOS,24.914895,84.185434,85.425
DELANG,DEG,20.038474,85.76695,42.0
DELHI,DLI,28.661816,77.228356,44.59375
DELHI CANTT,DEC,28.613534,77.116577,25.5
DELHI KISHANGNJ,DKZ,28.664732,77.201256,43.5
DELHI S ROHILLA,DEE,28.662992,77.187106,13.192307692307692
DELHI SAFDARJNG,DSJ,28.582121,77.186969,70.5
DEOBAND,DBD,29.6800315,77.6708734,11.333333333333334
DEORIA SADAR,DEOS,26.5076811676,83.7819590961,96.2
DESHNOK,DSO,27.791303,73.338483,25.125
DEVAKOTTAI ROAD,DKO,10.037611,78.761747,11.666666666666666
DEVLALI,DVL,19.897509,73.83729,22.5
DEWAS,DWX,22.977556,76.051191,25.90625
DHAMANGAON,DMN,20.784674,78.138054,56.46153846153846
DHAMPUR,DPR,29.305446,78.501588,38.5
DHANBAD JN,DHN,23.790966,86.428956,65.44444444444444
DHANDARI KALAN,DDL,30.874477,75.909491,82.0
DHANDHUKA,DCK,22.384024,71.975613,22.5
DHANERA,DQN,24.506528,72.032364,24.428571428571427
DHANMANDAL,DNM,20.687806,86.11228,31.0
DHARANGAON,DXG,21.006447,75.286092,35.666666666666664
DHARHARA,DRH,25.2578934114,86.4115380682,40.5
DHARIWAL,DHW,31.949113,75.321565,28.0
DHARMABAD,DAB,18.8882603101,77.8493415012,31.0
DHARMANAGAR,DMR,24.366946,92.168247,142.0
DHARMAPURI,DPJ,12.126595,78.154742,39.0
DHARMAVARAM JN,DMM,14.424369,77.717115,37.53125
DHARWAR,DWR,15.440386,75.004552,28.22222222222222
DHASA JN,DAS,21.782545,71.518008,35.333333333333336
DHAULPUR,DHO,26.697592,77.906049,61.36363636363637
DHENKANAL,DNKL,20.676825,85.590878,71.33333333333333
DHOLA JN,DLJ,21.822549,71.738273,31.470588235294116
DHOLKA,DOK,22.731982,72.433842,12.0
DHONE,DHNE,15.396729,77.865727,27.0
DHRANGADHRA,DHG,22.9871651,71.4791076,53.46666666666667
DHUPGURI,DQG,26.573532,88.994973,130.25
DHURI JN,DUI,30.372741,75.866603,52.142857142857146
DIBRUGARH,DBRG,27.4636065659,94.9352579102,106.25
DIDWANA,DIA,27.406108,74.557656,34.75
DIGHA FLAG STN,DGHA,21.622377,87.507655,56.72727272727273
DIGHWARA,DGA,25.743938,85.003168,64.5
DILDARNAGAR JN,DLN,25.419424,83.668324,68.5
DILKUSHA CABIN,LBH,26.83113,80.966867,102.0
DIMAPUR,DMV,25.905702,93.727816,138.0
DINA NAGAR,DNN,32.134789,75.467351,31.0
DINDIGUL JN,DG,10.35381,77.985472,21.0625
DIPHU,DPU,25.83725,93.438384,139.25
DISA,DISA,24.2371252,72.1796003,23.8
DIYODAR,DEOR,24.113489,71.770888,26.0
DOBHI H,DHE,25.604879,82.998947,48.5
DODBALLAPUR,DBU,13.27894,77.55016,37.5
DONDAICHA,DDE,21.331414,74.563104,28.076923076923077
DONGARGARH,DGG,21.185492,80.759857,60.4
DORNAKAL JN,DKJ,17.445987,80.153157,67.6
DUDHANI,DUD,17.362421,76.37871,27.0
DULARIYA,DRA,22.575661,77.654362,6.0
DULLAHAPUR,DLR,25.799898,83.423264,47.5
DUM DUM,DDJ,22.621717,88.392835,31.5
DUMRAON,DURE,25.571984,84.143865,61.7
DUNDARA,DOR,25.895799,72.796892,20.0
DUNDI,DDCE,23.557854,80.216657,29.0
DUNGARPUR,DNRP,23.867175,73.695462,10.75
DUNGRIPALI,DJX,21.060873,83.559213,103.25
DURG,DURG,21.200327,81.291837,61.73170731707317
DURGACHAK TOWN,DZKT,22.066831,88.136032,11.5
DURGAPUR,DGR,23.495046,87.297902,45.326530612244895
DURGAPURA,DPA,26.855947,75.786436,44.79545454545455
DUVVADA,DVD,17.703843,83.152059,44.62222222222222
DWARAPUDI,DWP,16.927556,81.922661,35.5
DWARKA,DWK,22.251023,68.980434,47.5
DWARKAGANJ,DWJ,26.316418,82.109076,0.0
EKANGARSARAI,EKR,25.2224815,85.2322638,53.0
EKMA,EKMA,25.967099,84.53637,61.5
ELLAMANCHILI,YLM,17.553652,82.85262,34.75
ELURU,EE,16.717816,81.119762,64.3972602739726
ERANIEL,ERL,8.212549,77.308161,26.0
ERNAKULAM JN,ERS,9.969542,76.290672,60.60377358490566
ERNAKULAM TOWN,ERN,9.991582,76.2861,89.48
ERODE JN,ED,11.327682,77.725934,55.48275862068966
ETAWAH,ETW,26.78597,79.021502,70.54761904761905
ETTAPUR ROAD,ETP,11.651009,78.468545,16.5
FALAKATA,FLK,26.5383964616,89.1922748828,36.0
FALNA,FA,25.235808,73.234953,20.25581395348837
FARIDABAD,FDB,28.411473,77.307348,55.833333333333336
FARIDKOT,FDK,30.682857,74.76138,27.75
FARRUKHABAD,FBD,27.38236,79.571737,35.1
FATEHGARH,FGR,27.369608,79.62159,54.0
FATEHNAGAR,FAN,24.81828,74.095782,15.333333333333334
FATEHPUR,FTP,25.917489,80.801869,68.38888888888889
FATEHPUR SIKRI,FTS,27.093989,77.670597,176.0
FATEHPUR SKHWTI,FPS,28.000728,74.971043,28.5
FATUHA JN,FUT,25.50144,85.305488,74.875
FEROK,FK,11.1749722,75.8302845,19.333333333333332
FIROZABAD,FZD,27.147415,78.386691,47.25
FIROZPUR CANT,FZR,30.942486,74.618439,16.75
FORBESGANJ,FBG,26.298901,87.262803,58.0
FURKATING JN,FKG,26.465652,94.002692,113.0
GACHHIPURA,GCH,26.953522,74.454426,19.0
GADAG JN,GDG,15.437048,75.642481,72.75
GADARWARA,GAR,22.899459,78.791734,75.45
GADWAL,GWD,16.22509,77.809672,47.25
GAHMAR,GMR,25.488685,83.804431,82.25
GAJAPATINAGARAM,GPI,18.293291,83.333902,81.0
GAJSINGHPUR,GJS,29.658053,73.436739,20.5
GALUDIH,GUD,22.648872,86.410494,109.0
GANAGAPUR ROAD,GUR,17.340443,76.5903,23.833333333333332
GANAUR,GNU,29.130776,77.01075,63.666666666666664
GANDHIDHAM BG,GIMB,23.069086,70.147754,28.96551724137931
GANDHIGRAM,GG,23.02676,72.568831,2.5
GANDHINAGAR CAP,GNC,23.233379,72.629162,28.6
GANDHINAGAR JPR,GADJ,26.873067,75.79828,35.45
GANESHGANJ,GAJ,23.895862,79.074633,24.0
GANGADHARPUR,GNGD,19.815673,85.293235,24.5
GANGAPUR CITY,GGC,26.468979,76.727708,52.34285714285714
GANGSAR JAITU,GJUT,30.445082,74.879511,28.0
GANJ BASODA,BAQ,23.845347,77.944826,49.6551724137931
GANJAM,GAM,19.395827,85.046719,30.0
GARH JAIPUR,GUG,23.416142,86.142459,31.0
GARHBETA,GBA,22.844562,87.320972,22.875
GARHI HARSARU,GHH,28.43755,76.929697,49.75
GARHWA,GHQ,24.1751953,83.8132154,64.5
GARLA,GLA,17.487076,80.139236,32.0
GAROT,GOH,24.2790919912,75.6843219769,30.5
GARPOS,GPH,22.134204,84.418434,97.5
GARWA ROAD,GHD,24.214419,83.885116,58.5
GAURIBIDANUR,GBD,13.613081,77.512781,36.5
GAURIGANJ,GNG,26.20341,81.686726,50.0
GAURIPUR,GUP,26.078321,89.952056,309.0
GAYA JN,GAYA,24.803978,84.999294,76.34848484848484
GETOR JAGATPURA,GTJT,26.836925,75.832384,22.75
GHANPUR,GNP,17.8506252,79.3768995,57.75
GHATPRABHA,GPB,16.240718896,74.7598229541,66.5
GHATSILA,GTS,22.58616,86.479768,70.25
GHAZIABAD,GZB,28.649702,77.431099,53.516129032258064
GHAZIPUR CITY,GCT,25.583144,83.568045,51.473684210526315
GHOLVAD,GVD,20.08688,72.737991,14.0
GHORADONGRI,GDYA,22.126423,78.001987,92.82142857142857
GIDDALUR,GID,15.379008,78.925583,95.0
GIDDARBAHA,GDB,30.201319,74.663342,42.333333333333336
GIDHNI,GII,22.488472,86.853201,67.875
GIRIMAIDAN,GMDN,22.340478,87.306151,27.0
GOALPARA TOWN,GLPT,26.126535,90.620659,158.8
GODHRA JN,GDA,22.776974,73.603672,38.8125
GOHAD ROAD,GOA,26.480421,78.439153,18.0
GOILKERA,GOL,22.50529,85.379352,103.0
GOKARNA ROAD,GOK,14.582791,74.367197,82.5
GOLAKGANJ JN,GKJ,26.108359,89.83065,315.5
GOMATI NAGAR,GTNR,26.860344,81.003433,49.5
GONDA JN,GD,27.154613,81.978152,119.125
GONDAL,GDL,21.972471,70.795588,104.5
GONDIA JN,G,21.462435,80.190842,75.32142857142857
GONEANA BHAI JAGTA,GNA,30.318715,74.90948,24.75
GOOTY JN,GY,15.149208,77.625823,34.214285714285715
GORAKHPUR JN,GKP,26.759311,83.381499,115.36734693877551
GOSALPUR,GSPR,23.381806,80.059225,23.5
GOTAN,GOTN,26.652201,73.737284,25.5
GOVERDHAN,GDO,27.520546,77.461643,37.666666666666664
GOVINDGARH,GVH,27.499556,76.988058,37.333333333333336
GOVINDPURI,GOY,26.454423,80.313203,133.55555555555554
GUDIVADA JN,GDV,16.429888,80.987594,41.333333333333336
GUDIYATTAM,GYM,12.937471,78.916157,16.5
GUDLAVALLERU,GVL,16.348371,81.046037,38.5
GUDUR JN,GDR,14.148227,79.845121,58.98039215686274
GULABPURA,GBP,25.9027951891,74.6559544983,13.5
GUNA,GUNA,24.6405,77.314104,58.833333333333336
GUNTAKAL JN,GTL,15.17556,77.366611,47.68421052631579
GUNTUR JN,GNT,16.300784,80.441973,77.39285714285714
GURARU,GRRU,24.811113,84.791831,46.0
GURDASPUR,GSP,32.044111,75.420769,29.0
GURGAON,GGN,28.489165,77.010739,27.289473684210527
GURSAHAIGANJ,GHJ,27.118804,79.732035,28.0
GUSKARA,GKH,23.489998,87.733397,13.5
GUWAHATI,GHY,26.182635,91.751851,123.2
GWALIOR,GWL,26.216483,78.182292,57.666666666666664
GYANPUR ROAD,GYN,25.280144011,82.4272883557,47.57692307692308
H NIZAMUDDIN,NZM,28.58733,77.254249,40.71774193548387
H SAHIB NANDED,NED,19.160522,77.310478,53.34615384615385
HADAPSAR,HDP,18.526887,73.927844,529.5
HADIAYA,HYA,30.337054,75.477006,143.0
HAJIPUR JN,HJP,25.702909,85.2155,184.88
HALDIA,HLZ,22.045284,88.06589,41.0
HALDIBARI,HDB,26.334952,88.781936,9.75
HALDIPADA,HIP,21.571439,86.996648,38.0
HALDWANI,HDW,29.215097,79.533732,50.5
HALVAD,HVD,23.0185158,71.1829095,22.0
HANSDIHA,HSDA,24.6141943022,87.0849798193,35.75
HANUMANGARH JN,HMH,29.614904,74.297633,35.0
HAPA,HAPA,22.468974,70.11814,54.07692307692308
HAPUR,HPU,28.739613,77.779576,50.75
HARCHANDPUR,HCP,26.34316,81.160841,38.0
HARDA,HD,22.338414,77.10084,96.74074074074075
HARDOI,HRI,27.399414,80.147877,58.2
HARICHANDANPUR,HCNR,21.328476,85.795395,170.0
HARIDWAR JN,HW,29.947787,78.154899,36.642857142857146
HARIHAR,HRR,14.515431,75.812314,28.4
HARINAGAR,HIR,27.156647,84.324507,93.75
HARIPPAD,HAD,9.279602,76.462229,80.83333333333333
HARISCHANDRPUR,HCR,25.403999,87.867051,25.5
HARISHANKER RD,HSK,20.6267890734,82.7660362524,41.5
HARNAUT,HRT,25.3717628362,85.5407224109,68.5
HARPALPUR,HPP,25.290501,79.335461,102.5
HASIMARA,HSA,26.72689,89.347661,275.0
HASSAN,HAS,13.003182,76.117359,32.0
HATHIDAH JN,HTZ,25.367027,85.987826,45.75
HATHRAS CITY,HTC,27.5998169,78.0550687,37.833333333333336
HATHRAS JN,HRS,27.62483,78.137067,61.5
HATIA,HTE,23.311613,85.308218,64.28571428571429
HATKANAGALE,HTK,16.748424,74.422067,18.5
HATUNDI,HTD,26.3542791612,74.6445661014,1.0
HAVERI,HVR,14.7943,75.410686,30.6875
HAZARIBAGH RD,HZD,24.174583,85.892035,52.333333333333336
HIJILLI,HIJ,22.319921,87.320169,57.875
HILARA,HLX,24.951767,92.620511,991.0
HILSA,HIL,25.317354,85.277079,59.0
HIMAYATNAGAR,HEM,19.416709,77.868855,105.5
HIMMATNAGAR,HMT,23.591655,72.960358,4.5
HINDAUN CITY,HAN,26.756164,77.031686,42.611111111111114
HINDOL ROAD,HND,20.768563,85.424456,41.0
HINDUPUR,HUP,13.819144,77.500362,55.54545454545455
HINGANGHAT,HGT,20.542631,78.833925,65.78571428571429
HINGOLI DECCAN,HNL,19.726357,77.146758,63.07142857142857
HIRA NAGAR,HRNR,32.487007,75.268733,46.0
HIRAKUD,HKG,21.479827,83.905097,108.0
HISAR,HSR,29.152341,75.724305,25.375
HOJAI,HJI,26.001794,92.851752,176.0
HOLE NARSIPUR,HLN,12.786495,76.24646,46.5
HONNAVAR,HNA,14.316931,74.433196,78.5
HOSDURGA ROAD,HSD,13.8632737545,76.1332331232,16.5
HOSPET JN,HPT,15.286807,76.38578,56.5
HOSUR,HSRA,12.717606,77.822839,50.5
HOWRAH JN,HWH,22.584078,88.340999,74.44791666666667
HUBBALLI JN,UBL,15.350302,75.148104,25.88888888888889
HYDERABAD DECAN,HYB,17.393363,78.467377,17.071428571428573
ICHCHPURAM,IPM,19.110752,84.680427,75.42857142857143
IDAPLLI,IPL,10.034338,76.298271,40.0
IDGAH AGRA JN,IDH,27.17265,77.997807,30.0
IGATPURI,IGP,19.694053,73.562379,70.0
INDARGARH,IDG,25.727874,76.232938,31.75
INDORE JN BG,INDB,22.71757,75.868429,143.9655172413793
IRINJALAKUDA,IJK,10.339456,76.280924,87.5
ISARDA,ISA,26.170515,76.030637,32.333333333333336
ISLAMPUR,IPR,25.1385771015,85.2173007153,39.0
ITARSI JN,ET,22.608258,77.767128,75.88625592417061
IZZATNAGAR,IZN,28.388266,79.421171,43.0
JABALPUR,JBP,23.164636,79.950919,92.5
JADCHERLA,JCL,16.752658,78.141972,26.857142857142858
JAGADHRI WSHOP,JUDW,30.135558,77.240819,29.5
JAGI ROAD,JID,26.126114,92.197461,172.25
JAGRAON,JGN,30.801197,75.472759,31.0
JAI SAMAND ROAD,JYM,24.22064,73.86827,5.5
JAIPUR,JP,26.920203,75.786923,31.690265486725664
JAIS,JAIS,26.262162,81.51914,54.4
JAISALMER,JSM,26.91655,70.928239,6.8
JAITSAR,JES,29.342839,73.652289,16.0
JAITWAR,JTW,24.740226,80.863876,64.25
JAJPUR K ROAD,JJKR,20.943544,86.132518,91.16901408450704
JAKHAL JN,JHL,29.8018131127,75.8245009833,37.09090909090909
JAKHAPURA,JKPR,20.917821,86.06534,178.5
JALAMB JN,JM,20.813007,76.573236,89.0
JALANDHAR CANT,JRC,31.306235,75.632106,94.17777777777778
JALANDHAR CITY,JUC,31.331665,75.591499,81.55882352941177
JALESWAR,JER,21.79749,87.220491,55.45
JALGAON JN,JL,21.018115,75.562875,73.22340425531915
JALNA,J,19.830781,75.893142,136.66666666666666
JALOR,JOR,25.35418,72.63429,28.11111111111111
JALPAIGURI,JPG,26.51816,88.723026,17.75
JALPAIGURI ROAD,JPE,26.559017,88.709453,90.0
JAM JODHPUR JN,JDH,21.906659,70.031387,185.5
JAM WANTHALI,WTJ,22.429409,70.321802,27.25
JAMALPUR JN,JMP,25.313906,86.492285,91.5
JAMIKUNTA,JMKT,18.290021,79.476918,72.08333333333333
JAMMU TAWI,JAT,32.706975,74.880117,106.11627906976744
JAMNAGAR,JAM,22.493992,70.053879,53.68181818181818
JAMTARA,JMT,23.958904,86.805183,84.375
JAMUI,JMU,24.971949,86.254775,94.625
JANAKPUR ROAD,JNR,26.467914,85.700856,60.0
JANGAON,ZN,17.725115,79.154734,70.22222222222223
JANGHAI JN,JNH,25.549911,82.310962,69.64285714285714
JAORA,JAO,23.627773,75.115632,55.0
JASIDIH JN,JSME,24.514517,86.644255,83.58823529411765
JAUNPUR CITY,JOP,25.734125,82.666999,78.14285714285714
JAUNPUR JN,JNU,25.762849,82.699696,80.9375
JAWAI BANDH,JWB,25.114043,73.147325,20.0
JAYASINGPUR,JSP,16.791339,74.551613,21.0
JAYNAGAR,JYG,26.589465,86.134871,265.25
JEJURI,JJR,18.286557,74.171451,44.5
JETALSAR JN,JLR,21.729374,70.57391,80.16666666666667
JEUR,JEUR,18.260933,75.162471,26.875
JHAJHA,JAJ,24.779456,86.399854,69.57142857142857
JHALIDA,JAA,23.370005,85.975282,32.5
JHANTIPAHARI,JPH,23.353363,86.904491,44.5
JHARGRAM,JGM,22.4549644863,86.9985316705,69.2
JHARSUGUDA JN,JSG,21.862274,84.017427,121.35185185185185
JHARSUGUDA ROAD,JSGR,21.850125,84.010526,79.25
JHINJHAK,JJK,26.554994,79.734225,42.714285714285715
JHUNJHUNUN,JJN,28.1068840638572,75.3901786543429,19.0
JHUSI,JI,25.431145,81.916644,125.5
JIND JN,JIND,29.328876,76.289617,40.31578947368421
JN,FTD,23.009106,75.673338,22.0
JODHPUR JN,JU,26.283765,73.02319,22.75
JOGAL,JOL,21.696442,86.882714,32.5
JOGBANI,JBN,26.402263,87.263262,42.5
JOLARPETTAI,JTJ,12.560852,78.57782,50.85087719298246
JORAWARNAGAR JN,JVN,22.71246,71.641594,22.375
JOYCHANDI PAHAR,JOC,23.516393,86.680339,122.75
JUGPURA,JRG,21.668795,86.912796,32.5
JUKEHI,JKE,23.986873,80.432389,33.0
JUNAGADH JN,JND,21.530606,70.457612,25.0
JUNAGARH ROAD,JNRD,19.874057,82.946083,3.0
JUNNOR DEO,JNO,22.191279,78.592052,24.5
JWALAPUR,JWP,29.928457,78.120775,14.0
KACHEGUDA,KCG,17.389561,78.499756,36.65384615384615
KADAMBUR,KDU,9.002019,77.863633,16.0
KADAYNALLUR,KDNL,9.085394,77.3631977,39.0
KADIRI,KRY,14.114788,78.165591,36.75
KADUR,DRU,13.552501,76.008846,22.166666666666668
KAIKOLUR,KKLR,16.551026,81.218316,38.25
KAJRA,KJH,25.182766,86.261571,30.0
KAKINADA PORT,COA,16.955204,82.240057,26.75
KAKINADA TOWN,CCT,16.9670099,82.2329218,30.5
KALANAUR KALAN,KLNK,28.8349236,76.389612,54.5
KALAPIPAL,KPP,23.332775,76.834002,47.5
KALKA,KLK,30.837667,76.931759,49.5
KALLAKKUDI PLGH,KKPM,10.966119,78.948759,18.5
KALLKIRI,KCI,13.643625,78.801131,43.5
KALOL,KLL,23.244576,72.50363,28.0
KALPI,KPI,26.119339,79.755607,82.66666666666667
KALUPARA GHAT,KAPG,19.896585,85.403651,49.6
KALYAN JN,KYN,19.234716,73.12974,74.58865248226951
KAMAKHYA,KYQ,26.156154,91.689505,148.5
KAMALAPURAM,KKM,14.591762,78.666113,25.5
KAMAREDDI,KMC,18.32586,78.335858,57.333333333333336
KAMARKUNDU,KQU,22.821631,88.205127,15.0
KAMPTEE,KP,21.21172,79.197947,47.625
KAMTAUL,KML,26.337348,85.808624,58.0
KANAKPURA,KKU,26.92883,75.702559,16.333333333333332
KANALAS JN,KNLS,22.319955,69.896549,35.5
KANAS ROAD,KASR,20.06205,85.7428,34.5
KANCHIPURAM,CJ,12.848947,79.703149,42.5
KANHANGAD,KZE,12.320268,75.085248,27.615384615384617
KANKAVALI,KKW,16.2587773,73.7198709,131.3125
KANNAUJ,KJN,27.026507,79.926109,41.625
KANNUR,CAN,11.8706942,75.3683267,58.142857142857146
KANPUR ANWRGANJ,CPA,26.456233,80.328444,29.0
KANPUR CENTRAL,CNB,26.45424,80.350966,69.67251461988305
KANTABANJI,KBJ,20.474059,82.906517,56.05
KANTHI P H,KATI,21.788743,87.734128,62.333333333333336
KANWAT,KAWT,27.5895214437,75.6762663684,21.0
KANYAKUMARI,CAPE,8.088028,77.542504,43.666666666666664
KAPASAN,KIN,24.86221,74.312762,27.5
KAPREN,KPZ,25.444815,76.086492,24.5
KAPTANGANJ JN,CPJ,26.926388,83.699907,43.5
KARAD,KRD,17.310011,74.215686,42.8
KARAIKKUDI JN,KKDI,10.068518,78.793315,24.272727272727273
KARAMBELI,KEB,20.316435,72.901534,11.0
KARAMELARAM,CRLM,12.907633,77.706014,51.5
KARANJADI,KFD,17.998115,73.404252,139.25
KARELI,KY,22.932344,79.066765,39.833333333333336
KAREPALLI,KRA,17.511408,80.271865,42.5
KARIMUDDIN PUR,KMDR,25.700369,83.860581,39.5
KARJAT,KJT,18.911158,73.320691,28.866666666666667
KARMALI,KRMI,15.4902129,73.9246644,95.125
KARNAL,KUN,29.694566,76.969821,63.1578947368421
KARUR,KRR,10.965642,78.085087,17.5
KARWAR,KAWR,14.821387,74.183139,102.83333333333333
KASARA,KSRA,19.647159,73.472003,30.0
KASARAGOD,KGQ,12.491175,74.987652,61.5
KASGANJ,KSJ,27.801887,78.646026,38.0
KASHI,KEI,25.326564,83.031939,56.833333333333336
KASHIPUR,KPV,29.204978,78.96071,16.5
KASIMPUR,KCJ,26.257189,81.539941,33.0
KATHGODAM,KGM,29.266583,79.54633,36.5
KATHUA,KTHU,32.397897,75.551922,107.375
KATIHAR JN,KIR,25.548947,87.566409,108.84210526315789
KATNI,KTE,23.833385,80.400543,112.4235294117647
KATNI MURWARA,KMZ,23.8343563,80.4014844,98.75
KATNI SOUTH,KTES,23.824725,80.401113,71.0
KATOL,KATL,21.263201,78.590664,51.9
KATPADI JN,KPD,12.972734,79.135341,54.7536231884058
KAVALI,KVZ,14.915993,79.988271,30.357142857142858
KAYALPATTINAM,KZY,8.566912,78.09973,3.5
KAYANKULAM JN,KYJ,9.182586,76.512933,68.61111111111111
KAZHAKUTTAM,KZK,8.555848,76.872235,24.5
KAZIPET JN,KZJ,17.974211,79.511025,65.8688524590164
KEDGAON,KDG,18.4820853984,74.3763730994,18.5
KELVA ROAD,KLV,19.624601,72.790821,13.0
KEM,KEM,18.1775087935,75.2746262701,28.5
KENDUJHARGARH,KDJR,21.66029,85.626905,172.0
KENGERI,KGI,12.918047,77.48431,25.666666666666668
KERAKAT H,KCT,25.645355,82.924798,46.5
KESAMUDRAM,KDM,17.686252,79.896471,53.5
KESHOD,KSD,21.297662,70.252274,19.0
KESHORAI PATAN,KPTN,25.324522,75.937733,16.0
KESINGA,KSNG,20.188103,83.224709,67.94444444444444
KESRI SINGHPUR,KESR,29.950589,73.61854,20.5
KHACHROD,KUH,23.442673,75.286337,20.875
KHADKI,KK,18.56301,73.840513,39.75
KHAGA,KGA,25.761853,81.102658,38.5
KHAGARIA JN,KGG,25.505891,86.465251,114.82352941176471
KHAIRTHAL,KRH,27.797324415,76.6417041217,50.125
KHAJURAHO,KURJ,24.7969839,79.8900217,3.0
KHALARI,KLRE,23.651055,85.001627,64.0
KHALILABAD,KLD,26.77453,83.055073,128.28571428571428
KHALLIKOT,KIT,19.611205,85.128091,45.6
KHAMBHALIYA,KMBL,22.217513,69.657344,53.7
KHAMMAM,KMT,17.249347,80.138491,87.08620689655173
KHANDWA,KNW,21.823596,76.353227,88.93877551020408
KHANNA,KNN,30.707973,76.225134,78.33333333333333
KHANNA BANJARI,KHBJ,23.897087,80.822716,93.0
KHARAGPUR JN,KGP,22.341432,87.328456,102.84615384615384
KHARAR,KARR,30.7263803992,76.6360518042,10.0
KHARIAR ROAD,KRAR,20.9013855558,82.510513277,48.285714285714285
KHARSIA,KHS,21.99178,83.102414,106.0
KHATIPURA,KWP,26.835709,75.890498,20.125
KHED,KHED,17.712059,73.408815,99.86666666666666
KHERLI,KL,27.2002567722,77.0364244739,26.0
KHIJADIYA JN,KJV,21.740875,71.275556,29.0
KHIRKIYA,KKN,22.166444,76.859447,62.2
KHORASON ROAD,KRND,26.089746,82.867173,36.0
KHURAI,KYE,24.051525,78.331128,57.4
KHURDA ROAD JN,KUR,20.153076,85.708234,83.65671641791045
KHURJA JN,KRJ,28.206407,77.81904,75.16666666666667
KHUSROPUR,KOO,25.484893,85.387309,50.2
KICHHA,KHH,28.913427,79.519746,40.666666666666664
KIM,KIM,21.399697,72.926702,15.166666666666666
KINWAT,KNVT,19.618502,78.202435,93.5
KIRLOSKARVADI,KOV,17.084152,74.416358,57.25
KISHANGANJ,KNE,26.097746,87.949657,120.1470588235294
KISHANGARH,KSG,26.588968,74.855553,41.87234042553192
KIUL JN,KIUL,25.171504,86.106198,92.42105263157895
KODAIKANAL ROAD,KQN,10.179613,77.909593,28.555555555555557
KODERMA,KQR,24.434741,85.529458,84.67391304347827
KODURU,KOU,13.948578,79.345687,29.285714285714285
KOKRAJHAR,KOJ,26.405057,90.274125,137.1
KOLARAS,KLRS,25.224926,77.590411,43.0
KOLAYAT,KLYT,27.835319,72.955074,16.5
KOLKATA,KOAA,22.601175,88.385179,38.388888888888886
KOLLAM JN,QLN,8.886586,76.596753,62.23913043478261
KONDAPALLI,KI,16.623242,80.546693,46.0
KOPARGAON,KPG,19.902943,74.503328,88.69565217391305
KOPPAL,KBL,15.353868,76.143959,53.5
KORBA,KRBA,22.337584,82.713013,17.333333333333332
KORUKKUPET JN,KOK,13.1204898017,80.2783772734,123.5
KOSAMBA JN,KSB,21.464052,72.954598,15.8
KOSGI,KO,15.847872,77.236408,29.0
KOSI KALAN,KSV,27.788551,77.445999,61.77777777777778
KOSLI,KSI,28.411947,76.464704,13.0
KOT KAPURA,KKP,30.578496,74.818173,28.25
KOTA JN,KOTA,25.223553,75.8805,48.01574803149607
KOTABOMMALI,KBM,18.488355,84.199842,24.5
KOTTAYAM,KTYM,9.594177,76.532168,79.15
KOVILPATTI,CVP,9.182578,77.872848,16.304347826086957
KOVVUR,KVR,17.007084,81.726495,38.5
KOZHIKODE,CLT,11.246234,75.780407,61.833333333333336
KRISHNA,KSN,16.409324,77.328563,53.25
KRISHNA CH PURA,KCV,21.824613,86.82005,30.5
KRISHNARAJAPURM,KJM,13.000534,77.674016,54.63414634146341
KSR BANGALORE CY JN,SBC,12.977595,77.568083,19.5
KUCHAI,KUCE,22.013657,86.695652,30.5
KUCHAMAN CITY,KMNC,27.0535465396,74.8514568066,25.666666666666668
KUDACHI,KUD,16.62608,74.858687,66.0
KUDAL,KUDL,16.017651,73.67813,103.4375
KUDRA,KTQ,25.048552,83.793371,46.5
KUHURI,KUU,19.859987,85.3527,24.0
KULEM,QLM,15.334036,74.24423,84.5
KULITTHURAI,KZT,8.302348,77.218817,20.666666666666668
KULPAHAR,KLAR,25.29552,79.63751,69.5
KULTI,ULT,23.737816,86.84887,15.0
KUMARDUBI,KMME,23.747453,86.794065,51.4
KUMBAKONAM,KMU,10.952962,79.388644,35.9
KUMBHRAJ,KHRJ,24.363097,77.079574,15.0
KUMTA,KT,14.436871,74.420652,114.9
KUNDAPURA,KUDA,13.612909,74.728366,104.94444444444444
KUNKAVAV JN,KKV,21.653448,70.975052,27.5
KUPPAM,KPN,12.746834,78.339549,50.666666666666664
KURDUVADI,KWV,18.091348,75.417118,54.46153846153846
KURNOOL CITY,KRNT,15.833715,78.032655,40.76923076923077
KURUKSHETRA JN,KKDE,29.96944,76.852795,64.53333333333333
KURUMBUR,KZB,8.585755,78.03964,6.0
KUTRALAM,KTM,11.069825,79.557389,25.0
KUTTIPPURAM,KTU,10.845724,76.033397,25.8
LADNUN,LAU,27.64255,74.4056,30.625
LAKHERI,LKE,25.639864,76.192147,25.0
LAKHTAR,LTR,22.873403,71.776727,16.5
LAKSAR JN,LRJ,29.754038,78.019628,99.75
LAL KUAN,LKU,29.071574,79.517641,32.625
LALGARH JN,LGH,28.043638,73.313909,22.071428571428573
LALGUDI,LLI,10.875733,78.813672,17.25
LALITPUR,LAR,24.688222,78.395791,85.7560975609756
LALPUR JAM,LPJ,22.1945375806,69.9524202618,101.5
LAMBHUA,LBA,26.133687,82.223283,56.75
LANJIGARH ROAD,LJR,19.9434221772,83.4003416858,21.5
LASALGAON,LS,20.154848,74.225976,23.0
LASUR,LSR,19.926081,75.011489,6.0
LATEHAR,LTHR,23.725092,84.46812,66.5
LATHI,LAT,21.73935,71.386531,29.0
LATUR,LUR,18.429166,76.556049,4.666666666666667
LATUR ROAD,LTRR,18.506494,76.845289,8.5
LEHRA GAGA,LHA,29.937832,75.810079,53.0
LEHRA MUHABBAT,LHM,30.236037,75.162817,17.0
LILIYA MOTA,LMO,21.540317,71.372863,42.666666666666664
LIMBDI,LM,22.56604,71.789599,26.333333333333332
LINGAMPALLI,LPI,17.482874,78.316774,20.61111111111111
LINK JN CABIN,LKJN,25.356832,81.841869,26.0
LOHARU,LHU,28.427051,75.801613,29.357142857142858
LOHTA,LOT,25.3156017921,82.9306636823,44.0
LOISINGHA,LSX,20.852667,83.514083,103.0
LOKMANYATILAK T,LTT,19.07032,72.891739,74.91891891891892
LONAND JN,LNN,18.040769,74.190477,57.5
LONAVALA,LNL,18.748883,73.407657,48.714285714285715
LONDA JN,LD,15.450273,74.496982,84.0
LUCKEESARAI JN,LKR,25.1716617005,86.093210587,36.375
LUCKNOW NE,LJN,26.831967,80.918587,27.5
LUCKNOW NR,LKO,26.830675,80.925291,66.65
LUDHIANA JN,LDH,30.912367,75.847873,88.12658227848101
LUMDING JN,LMG,25.750036,93.1766,155.1
LUNI JN,LUNI,26.001256,73.003175,24.210526315789473
LUNKARANSAR,LKS,28.493395,73.743155,24.666666666666668
MACHILIPATNAM,MTM,16.171258,81.137763,34.5
MADAN MAHAL,MML,23.159475,79.920425,47.294117647058826
MADANAPALLE RD,MPL,13.644442,78.554424,41.625
MADDUR,MAD,12.604742,77.049522,11.2
MADGAON,MAO,15.267911,73.970724,84.27083333333333
MADHA,MA,18.029712,75.546507,19.0
MADHI,MID,21.145672,73.24268,59.0
MADHIRA,MDR,16.921826,80.366849,67.3076923076923
MADHOSINGH,MBS,25.249931,82.552278,139.5
MADHUBANI,MBI,26.348165,86.076784,278.5
MADHUKUNDA,MDKD,23.62663,86.869091,23.5
MADHUPUR JN,MDP,24.270633,86.642183,87.1875
MADURAI JN,MDU,9.919907,78.110314,20.454545454545453
MADURANTAKAM,MMK,12.50442,79.893087,15.0
MAHAJAN,MHJ,28.793007,73.853666,24.0
MAHASAMUND,MSMD,21.113138,82.10389,35.583333333333336
MAHBUBABAD,MABD,17.597561,79.999792,65.03703703703704
MAHBUBNAGAR,MBNR,16.757768,77.999429,44.16
MAHE,MAHE,11.699227,75.546967,22.0
MAHENDRAGARH,MHRG,28.281433,76.14863,29.4
MAHESANA JN,MSH,23.602623,72.388708,27.333333333333332
MAHIDPUR ROAD,MEP,23.567509,75.500338,22.5
MAHOBA,MBA,25.306914,79.849079,105.08333333333333
MAHUVA JN,MHV,21.09412,71.756011,6.333333333333333
MAIBANG,MBG,25.30497,93.135371,192.25
MAIHAR,MYR,24.255485,80.763148,100.44680851063829
MAIKALGANJ,MINJ,27.7175372166,80.3378219061,60.5
MAJHAGAWAN,MJG,24.913389,80.811656,87.5
MAJRI JN,MJRI,20.139283,79.043522,120.0
MAKRANA JN,MKN,27.037532,74.723149,30.18421052631579
MAKRONIA,MKRN,23.86705,78.808077,20.0
MAKSI,MKC,23.251625,76.159116,28.875
MALANPUR,MLAR,26.413118,78.272811,31.5
MALATIPATPUR,MLT,19.865258,85.83177,46.0
MALDA TOWN,MLDT,25.015659,88.130338,87.1923076923077
MALERKOTLA,MET,30.529403,75.871692,29.0
MALIPUR,MLPR,26.281482,82.6313,50.5
MALIYA HATINA,MLHA,21.15957,70.299701,22.0
MALKAJGIRI,MJF,17.448392,78.529606,48.0
MALKAPUR,MKU,20.891974,76.202946,71.01923076923077
MALOUT,MOT,30.184671,74.495508,43.0
MALUR,MLO,12.992108,77.940033,69.0
MAMBALAM,MBM,13.038154,80.228164,8.1
MANAK NAGAR,MKG,26.810176,80.890615,9.0
MANAMADURAI JN,MNM,9.681539,78.45351,36.0
MANAPARAI,MPA,10.6075620105,78.4177652356,10.333333333333334
MANCHIRYAL,MCI,18.878745,79.448848,90.1
MANDAL,MDL,25.4396317383,74.5939589105,18.5
MANDALGARH,MLGH,25.194176,75.08094,18.0
MANDAPAM,MMM,9.280516,79.157354,23.125
MANDAR HILL,MDLE,24.8060780645,87.0261583057,35.75
MANDASA ROAD,MMS,18.840628,84.494113,27.0
MANDASOR,MDS,24.075937,75.076343,42.083333333333336
MANDAWAR M RD,MURD,27.1560976594,76.8508226947,25.0
MANDERDISA,MYD,25.707319,93.123109,193.25
MANDI BAMORA,MABA,24.054032,78.082437,20.5
MANDI DABWALI,MBY,29.966227,74.700155,49.5
MANDI DIP,MDDP,23.093747,77.511077,122.0
MANDYA,MYA,12.529176,76.897256,25.36842105263158
MANGALAGIRI,MAG,16.438256,80.564992,27.0
MANGALORE CNTL,MAQ,12.862325,74.844068,15.7
MANGALORE JN,MAJN,12.866193,74.88006,63.28125
MANGAON,MNI,18.247286,73.275679,99.2
MANIKPUR JN,MKP,25.063492,81.093657,106.04166666666667
MANINAGAR,MAN,23.000142,72.610413,18.615384615384617
MANJESHWAR,MJS,12.724197,74.887582,16.0
MANKAPUR JN,MUR,27.039058,82.227648,139.5
MANKAR,MNAE,23.420373,87.555822,10.8
MANMAD JN,MMR,20.249887,74.438305,87.35652173913043
MANNARGUDI,MQ,10.674541,79.455639,12.0
MANOHARPUR,MOU,22.373359,85.196894,103.0
MANSA,MSZ,29.989695,75.402584,25.75
MANSI JN,MNE,25.509398,86.554446,47.166666666666664
MANTHRALAYAM RD,MALM,15.949035,77.299196,49.535714285714285
MANUGURU,MUGR,17.925272,80.799034,41.0
MARIAHU,MAY,25.597006,82.598166,91.16666666666667
MARIANI JN,MXN,26.652435,94.308203,120.75
MARKAPUR ROAD,MRK,15.714678,79.301115,92.5
MARKONA,MKO,21.195555,86.596117,34.5
MAROLI,MRL,21.019949,72.889998,14.5
MARWAR BHINMAL,MBNL,25.000633,72.275398,27.444444444444443
MARWAR JN,MJ,25.720479,73.609301,20.97826086956522
MARWAR LOHWAT,MWT,26.981256,72.58927,54.0
MARWAR MATHANYA,MMY,26.532173,72.978778,41.666666666666664
MARWAR MUNDWA,MDW,27.063606,73.815965,16.5
MARWASGRAM,MWJ,24.098212,81.836685,92.25
MASKANWA,MSW,27.0013792301,82.3597396039,75.33333333333333
MATA VAISHNO DEVI KATRA,SVDK,32.982814,74.935736,68.83333333333333
MATHURA CANT,MRT,27.491013,77.685113,25.75
MATHURA JN,MTJ,27.480145,77.673117,52.83458646616541
MATMARI,MTU,16.046723,77.302973,30.0
MAU JN,MAU,25.93948,83.564347,80.83333333333333
MAU RANIPUR,MRPR,25.261271,79.136793,98.33333333333333
MAUR,MAUR,30.062746,75.22772,27.333333333333332
MAVELIKARA,MVLK,9.239487,76.545692,75.6
MAVLI JN,MVJ,24.794585,73.973721,36.42857142857143
MAYILADUTURAI J,MV,11.095237,79.62868,40.4375
MECHEDA,MCA,22.414105,87.85883,105.53846153846153
MEERUT CANT,MUT,29.015997,77.686937,50.5
MEERUT CITY,MTC,28.97761,77.675106,37.5
MEGHNAGAR,MGN,22.907459,74.539834,50.15
MEHSI,MAI,26.354898,85.096319,93.75
MELMARUVATTUR,MLMR,12.429554,79.833801,31.48076923076923
MERAMANDOLIL,MRDL,20.802387,85.304943,35.5
MERTA ROAD JN,MTD,26.728077,73.917896,32.125
METUPALAIYAM,MTP,11.299729,76.934533,1.0
MHMDVD KHEDA RD,MHD,22.819556,72.752481,14.0
MIDNAPORE,MDN,22.42498,87.307379,66.15
MILAVITTAN,MVN,8.811577,78.087335,72.0
MIRAJ JN,MRJ,16.819946,74.638839,22.866666666666667
MIRYALAGUDA,MRGA,16.860392,79.533503,58.0
MIRZAPUR,MZP,25.13435,82.569869,87.31481481481481
MITHAPUR,MTHP,22.411601,69.008695,12.5
MIYAGAM KARJAN,MYG,22.050722,73.120353,15.875
MIYANA,MINA,24.85653,77.472164,48.0
MODRAN,MON,25.187428,72.447631,29.88888888888889
MOGA,MOGA,30.817296,75.168467,23.5
MOHIBULLAPUR,MBP,26.909235,80.938923,48.5
MOKALSAR,MKSR,25.625350216,72.5180445245,28.88888888888889
MOKAMEH JN,MKA,25.391885,85.913049,131.05555555555554
MOOKAMBIKA ROAD,BYNR,13.87259,74.63279,84.16666666666667
MORADABAD,MB,28.831621,78.765801,81.40322580645162
MORANHAT,MRHT,27.1829782,94.9193076,113.0
MORAPPUR,MAP,12.124073,78.393874,17.76923076923077
MORBI,MVI,22.825342,70.829277,18.5
MORENA,MRA,26.500504,78.003442,60.1764705882353
MORINDA,MRND,30.791519,76.502461,87.0
MOTICHUR,MOTC,29.98115,78.177678,18.0
MOTIPUR,MTR,26.257038721,85.1681972229,52.5
MUDDANURU,MOO,14.688415,78.395393,28.75
MUDIGUBBA,MGB,14.349934,77.994996,25.0
MUDKHED,MUE,19.148087,77.509661,47.666666666666664
MUKERIAN,MEX,31.941873,75.611838,69.28571428571429
MULACALACHERUVU,MCU,13.802188,78.264829,44.75
MULANUR,MAR,12.661485,78.406389,18.75
MULKI,MULK,13.068517,74.804962,79.5
MULTAI,MTY,21.783543,78.26283,47.42857142857143
MUMBAI CENTRAL,MMCT,18.9697,72.8194,20.73913043478261
MUNGAOLI,MNV,24.402175,78.11099,119.83333333333333
MUNIGUDA,MNGD,19.62753,83.488343,59.3125
MURADI,MDF,23.593092,86.80929,23.5
MURDESHWAR,MRDW,14.100277,74.505247,61.5
MURI,MURI,23.376284371,85.8669906885,45.583333333333336
MURTAJAPUR,MZR,20.736468,77.354825,52.78947368421053
MUSAFIR KHANA,MFKA,26.379585,81.799817,41.5
MUZAFFARNAGAR,MOZ,29.468689,77.707807,41.857142857142854
MUZAFFARPUR JN,MFP,26.122311,85.378006,179.7826086956522
MYSORE JN,MYS,12.318946,76.646013,15.55
NADBAI,NBI,27.2136743084,77.2080875122,26.0
NADIAD JN,ND,22.694106,72.855718,24.53488372093023
NADIKODE,NDKD,16.590634,79.723565,58.4
NAGAL,NGL,29.832554,77.62227,122.0
NAGAPPATTINAM,NGT,10.759221,79.845998,117.0
NAGAR UNTARI,NUQ,24.285735,83.514165,64.0
NAGARSOL,NSL,20.102455,74.541646,41.0
NAGAUR,NGO,27.199991,73.723572,38.46666666666667
NAGBHIR JN,NAB,20.579812,79.700138,60.0
NAGDA JN,NAD,23.45592,75.412491,41.148148148148145
NAGER COIL TOWN,NJT,8.1995718109,77.4194318207,40.4
NAGERCOIL JN,NCJ,8.17385,77.44347,36.705882352941174
NAGINA,NGG,29.437919,78.424119,38.5
NAGIREDDIPALLI,NRDP,17.422255,78.939987,41.5
NAGPUR,NGP,21.153567,79.089004,69.69886363636364
NAHARKATIYA,NHK,27.289403,95.329775,118.0
NAIHATI JN,NH,22.888555,88.4185,16.5
NAILA,NIA,22.022964,82.564589,55.666666666666664
NAINI,NYN,25.393138,81.860042,129.04545454545453
NAINPUR JN,NIR,22.425676,80.108853,87.75
NAJIBABAD JN,NBD,29.60354,78.335733,49.5
NALANDA,NLD,25.122359,85.462774,60.5
NALGONDA,NLDA,17.06118,79.283436,59.125
NALWAR,NW,16.936043,77.019937,32.25
NANDGAON,NGN,20.307616,74.659526,55.6
NANDGAON ROAD,NAN,16.387454,73.73056,109.5
NANDOL DEHEGAM,NHM,23.17417,72.815845,8.5
NANDURA,NN,20.838889,76.460158,50.73684210526316
NANDURBAR,NDB,21.374812,74.246482,76.37037037037037
NANDYAL,NDL,15.468024,78.472545,63.5
NANGAL DAM,NLDM,31.370543,76.372615,51.0
NANGLOI,NNO,28.686261,77.056966,28.25
NANGUNERI,NNN,8.4891,77.662592,9.0
NAPASAR,NPS,27.980942,73.56399,36.4
NARAINA,NRI,26.796464,75.193029,57.5
NARAJ MARTHAPUR,NQR,20.459324,85.779525,54.75
NARASAPUR,NS,16.445891,81.699909,34.0
NARASARAOPET,NRT,16.231527,80.041607,89.5
NARASINGAPALLI,NASP,17.606751,82.891038,34.0
NARDANA,NDN,21.178209,74.828747,14.0
NARELA,NUR,28.846886,77.085727,41.5
NARKATIAGANJ JN,NKE,27.105035,84.464045,217.85714285714286
NARKHER,NRKR,21.468725,78.524814,51.75
NARNAUL,NNL,28.044396,76.123133,16.333333333333332
NARODA,NRD,23.085662,72.658017,5.0
NARSINGHPUR,NU,22.943112,79.214385,99.26923076923077
NARSIPATNAM RD,NRP,17.452852,82.724605,40.5
NARWANA JN,NRW,29.588632,76.109286,39.0
NASIK ROAD,NK,19.947627,73.841897,87.58333333333333
NASIRABAD,NSD,26.29446,74.716991,25.214285714285715
NAUGACHIA,NNA,25.385261,87.09387,138.44444444444446
NAUPADA JN,NWP,18.5794097271,84.2829220099,71.25
NAVAGADH,NUD,21.764344,70.616721,16.0
NAVAPUR,NWU,21.166844,73.771183,34.4
NAVSARI,NVS,20.946851,72.914294,20.46938775510204
NAWA CITY,NAC,27.029479,74.998832,27.142857142857142
NAWAGAON,NVG,22.088704,78.436386,18.5
NAWALGARH,NWH,27.8440174321349,75.2460831776261,18.5
NAWANDGI,NAW,17.2170998262,77.427908244,42.0
NAWAPARA ROAD,NPD,20.809717,82.562564,43.0
NAYUDUPETA,NYP,13.908321,79.900898,32.8
NAZARETH,NZT,8.563997,77.976271,12.0
NEKONDA,NKD,17.794878,79.804593,56.2
NELLORE,NLR,14.460592,79.989383,64.25714285714285
NEPANAGAR,NPNR,21.463933,76.397032,111.0
NEW ALIPURDAUR,NOQ,26.48572,89.541398,113.6
NEW BONGAIGAON,NBQ,26.4758354405,90.5368434644,118.78571428571429
NEW COOCH BEHAR,NCB,26.353159,89.469766,132.92307692307693
NEW DELHI,NDLS,28.642314,77.220004,54.36363636363637
NEW FARAKKA JN,NFK,24.794558,87.915236,108.75
NEW GUNTUR,NGNT,16.3100404,80.4582228,8.5
NEW HAFLONG,NHLG,25.1481,93.0319,175.6
NEW JALPAIGURI,NJP,26.683025,88.443391,112.9047619047619
NEW MISAMARI,NMM,26.810166,92.575454,121.0
NEW MORINDA,NMDA,30.776469,76.518125,9.0
NEW TINSUKIA JN,NTSK,27.479748,95.334128,108.25
NEYYATTINKARA,NYY,8.41041,77.08111,33.0
NIDADAVOLU JN,NDD,16.898297,81.675504,55.77777777777778
NIDUBROLU,NDO,16.067904,80.557243,21.5
NIHALGARH,NHH,26.460131,81.632581,74.25
NILESHWAR,NLE,12.255885,75.13575,32.2
NIM KA THANA,NMK,27.741573,75.779691,19.0
NIMACH,NMH,24.459873,74.853025,34.583333333333336
NIMBAHERA,NBH,24.623252,74.694312,16.666666666666668
NINGALA JN,NGA,22.0252,71.709352,42.0
NIPHAD,NR,20.096584,74.079481,24.5
NIRAKARPUR,NKP,19.991741,85.530464,23.0
NISHATPURA,NSZ,23.278225,77.418769,217.0
NIVARI,NEW,25.328061,78.82007,107.2
NIYOL,NOL,21.160311,72.902305,2.0
NIZAMABAD,NZB,18.679165,78.103238,54.083333333333336
NOKHA,NOK,27.556203,73.474848,33.892857142857146
NORLA ROAD,NRLR,20.041394,83.373301,54.0
NSC BOSE J GOMO,GMO,23.873106,86.14823,60.766666666666666
NUZVID,NZD,16.649931,80.961528,24.75
OBAIDULLA GANJ,ODG,22.994912,77.587299,32.0
OBULAVARIPALLI,OBVP,14.04083,79.268221,30.0
ODDANCHATRAM,ODC,10.4855987634,77.7465317596,50.666666666666664
ODELA,OEA,18.4565542411,79.4497442804,34.5
OKHA,OKHA,22.47096,69.073775,30.0
ONDAGRAM,ODM,23.147974,87.202275,29.0
ONGOLE,OGL,15.498064,80.057404,62.25961538461539
ORAI,ORAI,25.9825370076,79.459533963,86.87179487179488
OSIYAN,OSN,26.729223,72.899779,38.666666666666664
OTTAPPALAM,OTP,10.770046,76.377993,56.25
PACHOR ROAD,PFR,23.729095,76.741609,40.166666666666664
PACHORA JN,PC,20.668385,75.34831,104.85714285714286
PADADHARI,PDH,22.429596,70.605343,34.0
PAHARPUR,PRP,24.624932,85.204571,56.5
PAKALA JN,PAK,13.451133,79.11408,28.571428571428573
PAKUR,PKR,24.638002,87.856054,170.66666666666666
PALAKKAD JN,PGT,10.802091,76.641926,61.18181818181818
PALAKOLLU,PKO,16.522244,81.717145,44.0
PALAM,PM,28.585656,77.09295,9.0
PALANI,PLNI,10.458722,77.521183,49.0
PALANPUR JN,PNU,24.174433,72.430172,17.471698113207548
PALASA,PSA,18.756782,84.422091,80.90322580645162
PALEJ,PLJ,21.921578,73.072387,16.0
PALGHAR,PLG,19.698038,72.77248,32.25925925925926
PALGHAT TOWN,PGTN,10.7753892,76.652167,8.0
PALI MARWAR,PMY,25.790692,73.327309,28.09090909090909
PALITANA,PIT,21.538301,71.823197,2.0
PALWAL,PWL,28.151841,77.342232,83.0
PANAGARH,PAN,23.443034,87.439587,33.36363636363637
PANDAVAPURA,PANP,12.463018,76.681387,9.333333333333334
PANDHARPUR,PVR,17.66849,75.319283,17.0
PANDHURNA,PAR,21.589996,78.525394,57.8
PANIPAT JN,PNP,29.388948,76.963793,67.325
PANRUTI,PRT,11.773239,79.555153,18.0
PANSKURA,PKU,22.393102763,87.7430237079,35.2
PANVEL,PNVL,18.990919,73.121756,67.05555555555556
PAPANASAM,PML,10.922767,79.268542,8.25
PARADIP,PRDP,20.280364,86.620141,40.5
PARAMAKKUDI,PMK,9.539071,78.591131,34.6
PARASHSHALA,PASA,8.3398400051,77.16548966,32.0
PARASIA,PUX,22.193186,78.76432,20.5
PARASNATH,PNME,23.987971,86.037862,84.875
PARAVUR,PVU,8.815758,76.668238,21.0
PARBHANI JN,PBN,19.25746,76.774119,127.83333333333333
PARDI,PAD,20.513153,72.924311,14.0
PARHIHARA,PIH,27.926801,74.559809,22.0
PARPANANGADI,PGI,11.04591,75.861006,24.571428571428573
PARSABAD,PSB,24.307559,85.73873,52.5
PARVATIPURAM,PVP,18.77067,83.426966,42.166666666666664
PARVATIPURAM TN,PVPT,18.783875,83.433701,48.4
PATAN,PTN,23.853292,72.131672,28.714285714285715
PATAUDI ROAD,PTRD,28.350738,76.755565,15.0
PATHANKOT,PTK,32.271804,75.644427,16.5
PATHANKOT CANTT,PTKC,32.2593,75.636044,98.6046511627907
PATHARIA,PHA,23.905726,79.192899,37.25
PATLIPUTRA,PPTA,25.621426,85.068505,154.33333333333334
PATNA JN,PNBE,25.60256,85.136824,101.92647058823529
PATNA SAHEB,PNC,25.585856,85.230942,93.36111111111111
PATRATU,PTRU,23.667024,85.305877,50.5
PATTAMBI,PTB,10.8019329802,76.1813366473,39.0
PAWAPURI ROAD,POE,25.160225,85.512918,73.5
PAYANGADI,PAZ,12.021508,75.2596,21.0
PAYYANUR,PAY,12.092248,75.195107,32.285714285714285
PEDANA,PAV,16.252107,81.143792,45.0
PEDDAPALLI,PDPL,18.613796,79.39208,60.166666666666664
PENDRA ROAD,PND,22.755825,81.89917,131.38888888888889
PENUKONDA,PKD,14.099641,77.592521,35.0
PERAMBUR,PER,13.10702,80.244533,62.16129032258065
PERNEM,PERN,15.707894,73.816537,95.0
PERUNGALALATTUR,PRGL,12.905451,80.095486,10.0
PHAGWARA JN,PGW,31.2175557498,75.7655019775,83.28
PHALODI JN,PLCJ,27.124914,72.366863,31.2
PHAPHUND,PHD,26.6321183177,79.5542552124,51.166666666666664
PHULERA JN,FL,26.872814,75.245456,28.355555555555554
PHULWARI SHARIF,PWS,25.586297,85.07943,56.5
PIDUGURALLA,PGRL,16.477787,79.876294,55.8
PILER,PIL,13.662347,78.927499,37.0
PILI BANGAN,PGK,29.483825,74.079282,27.5
PIMPALKHUTI,PMKT,19.829473,78.581025,82.0
PINDRA ROAD,PDRD,25.497052,82.851162,38.0
PIPAR ROAD JN,PPR,26.45285,73.448703,18.5
PIPARIYA,PPI,22.753941,78.354538,106.58730158730158
PIPRA,PPA,26.489784,84.985735,53.0
PITHAPURAM,PAP,17.11087,82.257512,45.5
PMBAKVL SHANDY,PBKS,9.130538,77.431001,14.5
PODANUR JN,PTJ,10.965425,76.990125,26.066666666666666
POKHRAYAN,PHN,26.222964,79.840888,99.17647058823529
POKRAN,POK,26.930571,71.923129,46.2
POLLACHI JN,POY,10.653079,77.001342,50.666666666666664
PONDURU,PDU,18.362876,83.776548,27.5
PONMALAI GLD RCK,GOC,10.791837,78.709755,22.0
PORBANDAR,PBR,21.643598,69.615506,65.55555555555556
POSOTIA,PST,22.447129,85.254753,51.0
PRANTIJ,PRJ,23.439324,72.862688,5.0
PRANTIK,PNE,23.694435,87.693501,15.0
PRAYAG JN,PRG,25.467939,81.867081,148.0
PRAYAGRAJ JN,PRYJ,25.4453,81.8253,76.64748201438849
PUDUCHERRY,PDY,11.925446,79.828127,56.25
PUDUKKOTTAI,PDKT,10.372457,78.801946,22.285714285714285
PULGAON JN,PLO,20.726734,78.318111,45.3
PUNE JN,PUNE,18.529378,73.873086,55.970588235294116
PUNKUNNAM,PNQ,10.535054,76.20943,32.5
PURI,PURI,19.811459,85.839992,49.361702127659576
PURNA JN,PAU,19.180527,77.024985,76.72222222222223
PURNIA JN,PRNA,25.790678,87.519124,60.5
PURULIA JN,PRR,23.324911,86.37787,91.77272727272727
PUTTUR,PUT,13.439642,79.552666,43.833333333333336
QUILANDI,QLD,11.446139,75.693924,41.0
RADHANPUR,RDHP,23.84693,71.585594,22.857142857142858
RAE BARELI JN,RBL,26.232684,81.23932,47.44444444444444
RAFIGANJ,RFJ,24.819694,84.634804,54.2
RAGHUNATHPUR,RPR,25.565439,84.305227,78.0
RAHAMA,RHMA,20.298605,86.405224,43.5
RAI SINGH NAGAR,RSNR,29.535956,73.450472,20.166666666666668
RAICHUR,RC,16.192441,77.339165,47.8125
RAIGARH,RIG,21.891289,83.39067,119.47727272727273
RAIKA BAGH,RKB,26.291628,73.039744,22.125
RAIPUR JN,R,21.256462,81.629328,72.3409090909091
RAIRAKHOL,RAIR,21.046745,84.333562,78.875
RAIWALA,RWL,30.032143,78.209877,17.0
RAJ GANGPUR,GP,22.186062,84.582051,122.0
RAJ NANDGAON,RJN,21.101186,81.039019,67.8125
RAJA KI MANDI,RKM,27.193811,77.996613,66.3
RAJALDESAR,RJR,28.033672,74.477712,35.3
RAJALUKAH,RJLK,22.125193,86.642242,30.0
RAJAMUNDRY,RJY,16.984159,81.783901,79.00952380952381
RAJAPALAYAM,RJPM,9.452404,77.561026,40.4
RAJAPUR ROAD,RAJP,16.635175,73.626565,109.5
RAJGARH,RHG,27.240827,76.607541,60.666666666666664
RAJGIR,RGD,25.033069,85.414697,48.0
RAJKHARSAWAN JN,RKSN,22.733525,85.811158,116.16666666666667
RAJKOT JN,RJT,22.312206,70.803446,52.885714285714286
RAJPURA JN,RPJ,30.486458949,76.5940201901,85.22222222222223
RAJULA JN,RLA,21.103699,71.479251,25.333333333333332
RAKHA MINES,RHE,22.674292,86.354133,77.66666666666667
RAM NAGAR J K,RMJK,32.863528,75.145426,88.4
RAMANAGARAM,RMGM,12.720096,77.283451,15.857142857142858
RAMANATHAPURAM,RMD,9.358387,78.836862,39.875
RAMANNAPET,RMNP,17.282344,79.087023,53.5
RAMBHA,RBA,19.537957,85.094079,28.0
RAMDEVRA,RDRA,27.006279,71.929837,33.2
RAMESWARAM,RMM,9.280973,79.306787,8.625
RAMGANJ MANDI,RMA,24.644606,75.939411,42.520833333333336
RAMGARH,RAH,27.576612,76.811256,47.833333333333336
RAMGARH CANT,RMT,23.617327,85.520249,38.5
RAMGUNDAM,RDM,18.763329,79.4351,86.78181818181818
RAMNAGAR,RMR,29.390223,79.122239,9.5
RAMNAGAR BENGAL,RMRB,21.677451,87.55405,122.0
RAMPUR,RMU,28.778863,79.023419,32.333333333333336
RAMPUR HAT,RPH,24.179797,87.782147,98.53846153846153
RAMPURA BERI,RMB,28.5301320576,75.6454798285,23.0
RAMPURA PHUL,PUL,30.269357,75.23738,48.666666666666664
RANAPRATAPNAGAR,RPZ,24.582417,73.728056,34.785714285714285
RANCHI,RNC,23.348811,85.33352,59.3
RANGAPARA NORTH,RPAN,26.8215934,92.682658,112.0
RANGIYA JN,RNY,26.447901,91.605929,136.5
RANI,RANI,25.347582,73.31039,18.88888888888889
RANI KAMLAPATI,RKMP,23.2216,77.4401,46.63157894736842
RANIBENNUR,RNR,14.625461,75.635054,29.4
RANIGANJ,RNG,23.602851,87.11698,25.384615384615383
RANIWARA,RNV,24.750455,72.204293,29.285714285714285
RANOLI,RNO,22.4052520954,73.1122662115,134.0
RANPUR,RUR,22.359871,71.717303,17.5
RATANGARH JN,RTGH,28.0665867073,74.6236025668,31.136363636363637
RATLAM JN,RTM,23.34038,75.050826,46.669291338582674
RATNAGIRI,RN,17.002793,73.356938,98.43478260869566
RAVER,RV,21.222201,76.044594,111.0
RAVINDRAKHANI,RVKH,18.936594,79.461396,32.0
RAXAUL JN,RXL,26.987018,84.844564,27.0
RAYAGADA,RGDA,19.175642,83.410505,45.5
RAYANAPAD,RYP,16.577504,80.562937,54.61538461538461
RAYBAG,RBG,16.483374512,74.8068256635,67.5
RAZAMPETA,RJP,14.184525,79.152741,40.1
REN,REN,26.788798,74.074462,22.4
RENGALI,RGL,21.636895,84.042299,80.66666666666667
RENIGUNTA JN,RU,13.636261,79.50629,63.56578947368421
RENUKUT,RNQ,24.203558,83.039896,66.0
RENWAL,RNW,27.149463,75.356234,21.0
REWA,REWA,24.537122,81.250615,38.214285714285715
REWARI,RE,28.202779,76.609414,26.375
RIKHABDEV ROAD,RDD,23.997173,73.748055,6.0
RINGAS JN,RGS,27.373379,75.563604,35.0
RJNDR NGR BIHAR,RJPB,25.603351,85.162449,86.92307692307692
ROHA,ROHA,18.44649043,73.12357712,55.0
ROHTAK JN,ROK,28.890904,76.57955,45.208333333333336
ROORKEE,RK,29.851671,77.87417,35.75
ROTEGAON,RGO,19.956132,74.75787,1.0
ROURKELA,ROU,22.22844,84.863132,141.0
RUDAULI,RDL,26.762188,81.754202,54.333333333333336
RUDRAPUR CITY,RUPC,28.969281,79.379212,31.0
RUPNAGAR,RPAR,30.972816,76.533241,69.0
RUPSA JN,ROP,21.621995,87.018507,37.5
RURA,RURA,26.485377,79.908216,47.25
RUSERA GHAT,ROA,25.746302,86.035742,183.5
RUTHIYAI,RTA,24.531922,77.175827,34.857142857142854
S BHAKHTIYARPUR,SBV,25.7208597875,86.5973840167,32.0
SABARMATI JN,SBT,23.077546,72.589282,13.0
SACHIN,SCH,21.077673,72.874083,14.5
SADULPUR JN,SDLP,28.631138,75.386989,30.45
SADULSHAHR,SDS,29.9026414304178,74.1727044526488,34.25
SAGAULI JN,SGL,26.758187,84.73934,206.83333333333334
SAHARANPUR,SRE,29.960529,77.541739,76.97222222222223
SAHARSA JN,SHC,25.875208,86.594953,24.75
SAHIBZADA ASNGR,SASN,30.666125,76.739952,38.375
SAI P NILAYAM,SSPN,14.160468,77.757559,42.857142857142854
SAIDAPUR,SADP,16.5700011556,77.2497912268,34.666666666666664
SAINAGAR SHIRDI,SNSI,19.7807923,74.4806877,34.416666666666664
SAINTALA,SFC,20.433878,83.335045,103.5
SAINTHIA,SNT,23.949741,87.681205,27.75
SAKHI GOPAL,SIL,19.942882,85.816074,49.77777777777778
SAKHOTI TANDA,SKF,29.192626,77.718049,49.0
SAKRI JN,SKI,26.208947,86.078137,71.0
SAKTI,SKT,22.011785,82.956526,97.16666666666667
SALBONI,SLB,22.640971,87.321899,20.25
SALEM JN,SA,11.671726,78.113415,50.42553191489362
SALEM TOWN,SXT,11.660046,78.162096,15.0
SALPURA,SYL,24.773701,76.733005,13.5
SAMAKHIALI B G,SIOB,23.309819,70.503394,33.964285714285715
SAMALKHA,SMK,29.240172,77.003034,63.5
SAMALKOT JN,SLO,17.044827,82.168724,60.774193548387096
SAMALPATTI,SLY,12.311594,78.484032,14.6
SAMARALA,SMRL,30.824281,76.182455,10.0
SAMASTIPUR JN,SPJ,25.858304,85.78736,145.95238095238096
SAMBA,SMBX,32.528358,75.120256,0.0
SAMBALPUR,SBP,21.4830514376,83.9603252667,76.5
SAMBALPUR CITY,SBPY,21.4770222859,84.0076171613,65.07142857142857
SAMBHAR LAKE,SBR,26.904308,75.179915,19.625
SAMDHARI JN,SMR,25.837202,72.573007,34.733333333333334
SAMPLA,SPZ,28.781933,76.773299,23.0
SAMSI,SM,25.276197,88.009757,24.0
SANAT NAGAR,SNF,17.4616070935,78.4359471722,26.0
SANCHI,SCI,23.488096,77.735783,48.5
SANGANER,SNGN,26.814113,75.772245,10.666666666666666
SANGARIA,SGRA,29.792508,74.466053,52.5
SANGLI,SLI,16.858669,74.588939,38.25
SANGMESHWAR,SGR,17.201999,73.546234,102.33333333333333
SANGOLA,SGLA,17.435563,75.187581,18.5
SANGRUR,SAG,30.2437913998,75.8305174701,48.81818181818182
SANICHARA,SAC,26.363371,78.198369,17.0
SANJAN,SJN,20.19165,72.820594,14.0
SANKARANKOVIL,SNKL,9.176539,77.525924,39.2
SANKARIDURG,SGE,11.445732,77.870439,21.5
SANTALDIH,SNTD,23.596661,86.483123,16.0
SANTALPUR,SNLR,23.759161,71.181545,0.0
SANTRAGACHI JN,SRC,22.58393,88.284011,147.8452380952381
SANVERDAM CHUCH,SVM,15.264064,74.10866,80.5
SAPHALE,SAH,19.576592,72.821826,14.5
SARAI MIR,SMZ,26.0281419,82.9239538,36.0
SARANGPUR,SFW,23.5810641859,76.4871872211,23.5
SARDARGRAM,SDGM,23.070758,72.641987,3.75
SAREIGRAM,SGAM,24.039636,82.205614,84.5
SARKHEJ,SEJ,22.981944,72.497486,17.25
SAROLA,SRL,18.947656,74.648295,69.0
SASARAM,SSM,24.955926,84.019423,83.44
SATARA,STR,17.688361,74.063727,42.6
SATNA,STA,24.568619,80.827717,101.6875
SATNALI,STNL,28.382338,75.966232,21.5
SATTENAPALLE,SAP,16.405018,80.152704,57.3
SATUR,SRT,9.357545,77.92157,18.263157894736842
SAUGOR,SGO,23.84735,78.74292,98.88235294117646
SAVARDA,SVX,17.405007,73.515528,117.5
SAVARKUNDLA,SVKD,21.335082,71.312667,36.666666666666664
SAWAI MADHOPUR,SWM,26.018279,76.35622,47.44660194174757
SAWANTWADI ROAD,SWV,15.866512,73.785308,121.4
SEALDAH,SDAH,22.566758,88.374713,35.666666666666664
SECUNDERABAD JN,SC,17.433147,78.501481,39.9746835443038
SEHORE,SEH,23.215095,77.077882,28.5625
SELU,SELU,19.44806,76.433264,245.5
SEMARI,SES,24.07001,73.841822,13.0
SENDRA,SEU,26.077974,74.194143,29.0
SENGOTTAI,SCT,8.9874125,77.24185,2.0
SEOHARA,SEO,29.204807,78.580977,37.0
SEONI,SEY,22.075431,79.545769,35.0
SEORAPHULI,SHE,22.774749,88.328809,10.5
SERAM,SEM,17.180683,77.28353,60.642857142857146
SEVAGRAM,SEGM,20.739076,78.619225,83.37837837837837
SEYDUNGANALLUR,SDNR,8.639358,77.834992,13.5
SHADNAGAR,SHNR,17.064646,78.213273,30.333333333333332
SHAHABAD,SDB,17.121663,76.943513,31.166666666666668
SHAHDOL,SDL,23.285962,81.364073,120.7
SHAHGANJ JN,SHG,26.061399,82.679662,157.55555555555554
SHAHJEHANPUR,SPN,27.894224,79.904605,83.75
SHAJAPUR,SFY,23.425074,76.297843,40.6
SHAKURBASTI,SSB,28.6802273287,77.1299115857,34.785714285714285
SHALIMAR,SHM,22.555508,88.315615,103.16666666666667
SHAMGARH,SGZ,24.191141,75.642842,41.55263157894737
SHAMLAJI ROAD,SJS,23.621619,73.335655,10.75
SHANKARGARH,SRJ,25.1813005966,81.6190324237,40.875
SHANKARPALLI,SKP,17.450825,78.131116,26.5
SHDSPRA PADMPRA,SAS,26.71363,75.883282,41.666666666666664
SHEGAON,SEG,20.801724,76.690331,69.25641025641026
SHERGARH,SGA,30.080231,74.947251,11.0
SHERTALAI,SRTL,9.690992,76.325151,68.625
SHIKOHABAD JN,SKB,27.085686,78.574955,50.0
SHIMOGA TOWN,SMET,13.943037,75.583174,2.0
SHIUPUR,SOP,25.355419,82.946972,211.0
SHIVAJINAGAR,SVJR,18.531738,73.851147,22.6
SHIVPURI,SVPI,25.438444,77.638246,44.916666666666664
SHIVRAMPUR,SWC,25.219375,80.826783,175.91666666666666
SHOLAVANDAN,SDN,10.02227,77.965082,14.25
SHOLINGHUR,SHU,13.013974,79.484589,18.5
SHORANUR JN,SRR,10.758855,76.272196,59.73809523809524
SHRI GANGANAGAR,SGNR,29.931792,73.871417,20.333333333333332
SHRI KARANPUR,SRW,29.844419,73.458716,20.666666666666668
SHRI MADHOPUR,SMPR,27.457628,75.598294,19.833333333333332
SHRIDHAM,SRID,23.033843,79.484397,46.333333333333336
SHUJALPUR,SJP,23.381236,76.723475,39.21875
SIBSAGAR TOWN,SRTN,26.989968,94.643517,109.0
SIDDHPUR,SID,23.918067,72.367959,20.666666666666668
SIDHAULI,SD,27.281002,80.837587,50.0
SIHOR GUJARAT,SOJN,21.724798,71.957197,26.125
SIHORA ROAD,SHR,23.467136,80.110265,45.7
SIKAR JN,SIKR,27.616275,75.153378,26.75
SILCHAR,SCL,24.830338,92.786795,129.625
SILIGURI JN,SGUJ,26.723204,88.413663,245.5
SIMALUGURI JN,SLGR,26.917281,94.756816,123.5
SIMHACHALAM,SCM,17.744667,83.220449,70.125
SINDHUDURG,SNDD,16.111322,73.67934,115.9
SINDI,SNI,20.816446,78.883342,31.125
SINDKHEDA,SNK,21.234022,74.735367,38.8
SINGARAYAKONDA,SKM,15.253118,80.027126,29.5
SINGRAULI,SGRL,24.204257,82.642735,44.25
SINI JN,SINI,22.78946,85.947026,102.0
SIRATHU,SRO,25.650642,81.31786,41.166666666666664
SIRHIND JN,SIR,30.624222,76.383194,59.4
SIRKAZHI,SY,11.240305,79.726353,44.25
SIRPUR KAGAZNGR,SKZR,19.345659,79.489201,74.79032258064517
SIRSA,SSA,29.539153,75.034944,51.5
SIRSAUL,SSL,26.297301,80.462852,39.0
SISWA BAZAR,SBZ,27.1495669522,83.7563490747,82.5
SITAMARHI,SMI,26.594374,85.504707,58.0
SITAPUR,STP,27.558728,80.697762,147.9
SITARAMPUR,STN,23.723864,86.896472,15.333333333333334
SIVAGANGA,SVGA,9.85297,78.499069,30.0
SIVAKASI,SVKS,9.463321,77.789244,38.8
SIWAN JN,SV,26.210724,84.359267,101.05263157894737
SLEEMANABAD RD,SBD,23.614369,80.285208,30.5
SMVT BENGALURU,SMVB,13.0006,77.6418,67.3529411764706
SOGARIA,SGAC,25.230055,75.900221,90.83333333333333
SOHAGPUR,SGP,22.693813,78.194338,47.166666666666664
SOJAT ROAD,SOD,25.862203,73.755672,13.75
SOLAPUR JN,SUR,17.664496,75.893401,47.5
SOMPETA,SPT,18.981297,84.5815,87.9047619047619
SONGADH,SGD,21.728936,71.886759,31.75
SONI,SONI,26.527305,78.555226,30.333333333333332
SONIPAT JN,SNP,28.989423,77.017343,56.083333333333336
SONPUR JN,SEE,25.696849,85.166851,174.625
SONUA,SWR,22.576498,85.464081,103.25
SORO,SORO,21.291084,86.692539,51.8
SRI DUNGARGARH,SDGH,28.070311,74.008011,37.714285714285715
SRI KALAHASTI,KHT,13.7463618318,79.6830412451,36.0
SRIKAKULAM ROAD,CHE,18.408679,83.903771,91.11538461538461
SRIKRISHN NAGAR,SKN,25.88403,82.447803,36.0
SRIRAMNAGAR,SRNR,16.306568,77.865894,61.5
SRIRANGAM,SRGM,10.857918,78.696348,25.5
SRIVAIKUNTAM,SVV,8.622476,77.906323,12.0
SRIVILLIPUTTUR,SVPR,9.497497,77.64494,39.2
SUBEDARGANJ,SFG,25.439879,81.789897,49.666666666666664
SUBZI MANDI,SZM,28.668683,77.199696,57.38461538461539
SUDSAR,SDF,28.012356,73.785795,29.0
SUJANGARH,SUJH,27.708763,74.463659,29.75
SUKINDA ROAD,SKND,20.971268,86.05375,177.0
SULLURUPETA,SPE,13.696463,80.018161,55.0
SULTANGANJ,SGG,25.24085,86.736175,105.5
SULTANPUR,SLN,26.263027,82.066106,79.11111111111111
SURAIMANPUR,SIP,25.80918,84.480022,115.0
SURAJPUR ROAD,SJQ,23.289233,82.880146,55.5
SURAT,ST,21.206568,72.840793,32.30769230769231
SURATGARH JN,SOG,29.324152,73.907248,20.375
SURATHKAL,SL,12.989191,74.806177,45.625
SURENDRANAGAR GATE,SRGT,22.734565,71.636053,16.428571428571427
SURENDRANAGAR JN,SUNR,22.7443,71.630056,47.28947368421053
SURIAWAN,SAW,25.46104,82.423665,32.0
SUWASRA,SVA,24.069844,75.648344,27.833333333333332
TADEPALLIGUDEM,TDD,16.809961,81.526314,56.7027027027027
TADIPATRI,TU,14.907558,77.978985,28.153846153846153
TALCHER,TLHR,20.932262,85.200385,82.16666666666667
TALCHER ROAD,TLHD,20.886651,85.207934,66.29411764705883
TALCHHAPAR,TLC,27.824805,74.487037,12.0
TALOD,TOD,23.351348,72.947961,6.5
TAMBARAM,TBM,12.9260356894,80.1191573807,27.333333333333332
TAMLUK,TMZ,22.275813,87.919144,55.375
TANDA URMAR,TDO,31.672179,75.637595,38.5
TANDUR,TDU,17.25044,77.585037,41.833333333333336
TANUKU,TNKU,16.752035,81.674075,28.0
TANUR,TA,10.97954,75.880597,22.5
TAPRI,TPZ,29.915728,77.583272,12.375
TARIKERE,TKE,13.710886,75.812209,18.5
TATANAGAR JN,TATA,22.768954,86.20056,134.54
TENALI JN,TEL,16.242409,80.640413,55.145833333333336
TENKASI JN,TSI,8.963993,77.307338,31.0
THAKURTOTA,TKH,21.651992,86.970717,32.5
THALASSERY,TLY,11.75314,75.492987,59.0
THAN JN,THAN,22.57896,71.206533,18.375
THANDLA RD,THDR,23.032708,74.666939,24.0
THANE,TNA,19.185757,72.975417,97.8735632183908
THANJAVUR,TJ,10.778085,79.138296,32.0
THERUBALI,THV,19.335826,83.421309,19.0
THIRUVARUR JN,TVR,10.764347,79.633898,43.166666666666664
THIVIM,THVM,15.62955,73.876104,100.0
THOKUR,TOK,12.963579,74.829167,21.5
THRISUR,TCR,10.51479,76.207919,69.96
TIKAMGARH,TKMG,24.7672962666,78.8406655457,23.0
TILARU,TIU,18.4704858205,84.0726809924,24.0
TILDA,TLD,21.550734,81.794586,56.9
TIMARNI,TBN,22.37586,77.2294,130.2
TINDIVANAM,TMV,12.229411,79.651335,16.53846153846154
TIPTUR,TTR,13.256152,76.475987,17.166666666666668
TIRORA,TRO,21.415039,79.918035,41.833333333333336
TIRUCHCHIRAPALI,TPJ,10.794067,78.685355,19.77358490566038
TIRUCHENDUR,TCN,8.501774,78.117118,6.0
TIRUCHRPALI TWN,TPTN,10.829084,78.702834,4.5
TIRUKOILUR,TRK,11.976052306,79.223813739,81.0
TIRUMANGALAM,TMQ,9.824778,77.990902,44.5
TIRUNELVELI JN,TEN,8.73636,77.707979,20.586206896551722
TIRUPADRIPULYUR,TDPR,11.748883,79.753349,32.9
TIRUPATI,TPTY,13.62763,79.418968,48.265306122448976
TIRUPATTUR JN,TPT,12.497951,78.561419,16.3
TIRUPPUR,TUP,11.108906,77.341247,54.50704225352113
TIRUR,TIR,10.917757,75.921865,61.607142857142854
TIRUTTANGAL,TTL,9.4772991528,77.8108864374,33.0
TIRUTTANI,TRT,13.179217,79.611386,41.625
TIRUVALLA,TRVL,9.392148,76.580267,72.6875
TIRUVALLUR,TRL,13.115764,79.913105,26.727272727272727
TIRUVANNAMALAI,TNM,12.238103,79.077782,66.375
TITLAGARH,TIG,20.284399,83.154382,66.96875
TIVARI,TIW,26.55473,72.889577,34.0
TOHANA,TUN,29.7266,75.904581,32.111111111111114
TORI,TORI,23.680808,84.739774,67.5
TRIUPUNITTURA,TRTR,9.9501,76.352761,30.5
TRIVANDRUM CNTL,TVC,8.486679,76.95121,53.03846153846154
TRIVANDRUM NORTH,TVCN,8.509,76.897,8.571428571428571
TRIVANDRUM PETT,TVP,8.494524,76.931673,66.66666666666667
TUFANGANJ,TFGN,26.303308,89.667639,317.5
TULJAPUR,TGP,20.800701,78.808237,20.5
TULSIPUR,TLR,27.5317699289,82.4114096783,47.0
TUMKUR,TK,13.333033,77.102439,24.791666666666668
TUMSAR ROAD,TMR,21.342437,79.751419,79.11111111111111
TUNDLA JN,TDL,27.207747,78.233285,64.41379310344827
TUNI,TUNI,17.36108,82.542462,40.904761904761905
TURAVUR,TUVR,9.772809,76.309979,30.0
TUTI MELUR,TME,8.808374,78.145808,3.0
TUTICORIN,TN,8.806109,78.155359,2.0
UCHANA,UCA,29.466064,76.178544,10.5
UDAIPUR CITY,UDZ,24.566862,73.699632,28.46153846153846
UDALGURI,ULG,26.744291,92.094329,113.0
UDGIR,UDGR,18.3906018255,77.1099430353,15.0
UDHNA JN,UDN,21.171156,72.851461,39.214814814814815
UDUPI,UD,13.336341,74.771733,79.44736842105263
UDVADA,UVD,20.461236,72.918698,19.333333333333332
UJJAIN JN,UJN,23.178154,75.781403,35.60294117647059
ULLAL,ULL,12.79132,74.854779,31.0
ULUBARIA,ULB,22.472428,88.093209,81.875
UMARIA,UMR,23.52273,80.823244,89.1
UMBARGAM ROAD,UBR,20.153499,72.790821,18.9
UMDANAGAR,UR,17.262932,78.393143,24.0
UMRA,UMRA,24.522588,73.771734,5.5
UNA HIMACHAL,UHL,31.478782,76.27566,81.0
UNCHHERA,UHR,24.38137,80.79457,37.75
UNJHA,UJA,23.796456,72.381669,28.3
UNNAO JN,ON,26.548354,80.486199,72.96551724137932
UPLETA,UA,21.746916,70.282434,190.0
UPPAL,OPL,18.183408,79.48098,55.0
URULI,URI,18.494237,74.13682,19.5
USLAPUR,USL,22.102548,82.111546,74.125
USMANABAD,UMD,18.248154,76.022663,19.75
UTARLAI,UTL,25.788344,71.443638,14.25
Unknown Station,KCVL,8.509254,76.8961,35.89473684210526
V LAKSHMIBAI JHANSI,VGLJ,25.4439,78.5533,61.72611464968153
VADAKARA,BDJ,11.5933214,75.5869409,51.8125
VADIYA DEVLI,VDV,21.689791,70.853196,24.5
VADODARA JN,BRC,22.310756,73.181065,35.945945945945944
VAIBHAVWADI RD,VBW,16.512013,73.707645,121.33333333333333
VAIKAM ROAD,VARD,9.777648,76.474611,89.5
VAITARNA,VTN,19.517672,72.849578,14.5
VAITHISVARAN KOIL,VDL,11.195825,79.703785,14.0
VALAPPADI G HLT,VGE,11.654624,78.400452,12.0
VALLIYUR,VLY,8.37616,77.61399,9.833333333333334
VALSAD,BL,20.6085595,72.9335291,24.83132530120482
VANCHI MANIYACHCHI,MEJ,8.882103,77.890651,14.0
VANGAON,VGN,19.882845,72.763185,12.5
VANIYAMBADI,VN,12.678487,78.621651,25.75
VAPI,VAPI,20.374338,72.909127,30.739837398373982
VARANASI JN,BSB,25.327281,82.986468,63.55696202531646
VARKALA,VAK,8.740732,76.722872,37.22222222222222
VASAI ROAD,BSR,19.3824486,72.8322217,46.46774193548387
VASCO DA GAMA,VSG,15.397241,73.813425,123.75
VASTRAPUR,VTP,23.00802,72.517982,8.5
VATVA,VTA,22.9597285492,72.6294363164,6.0
VEDAYAPALEM,VDE,14.404478,79.957106,41.0
VEER,VEER,18.1134017933,73.3300770068,99.66666666666667
VELANKANNI,VLNK,10.687499,79.846763,91.5
VELLORE CANT,VLR,12.910718,79.127493,61.25
VENKATAGIRI,VKI,13.943864,79.603987,40.25
VERAVAL,VRL,20.913351,70.370689,3.5
VIDISHA,BHS,23.5222886,77.8148356,63.6
VIDYAVIHAR,VVH,19.079258,72.897181,792.0
VIJAYAPURA,BJP,16.8310603,75.7400012,84.5
VIJAYAWADA JN,BZA,16.518262,80.618648,66.61256544502618
VIJIYPUR JAMMU,VJPJ,32.57197,75.020996,41.4
VIKARABAD JN,VKB,17.337132,77.909409,38.4
VIKRAMGARH ALOT,VMA,23.765121,75.538379,39.38461538461539
VILAVADE,VID,16.785593,73.619321,91.5
VILLUPURAM JN,VM,11.942971,79.500101,29.92063492063492
VINDHYACHAL,BDL,25.1607717,82.5020212,50.1
VIRAMGAM JN,VG,23.129098,72.052968,39.935483870967744
VIRAR,VR,19.454407,72.811737,12.6
VIRBHADRA,VRH,30.074509,78.251864,24.0
VIRPUR,VRR,21.848343,70.707212,19.0
VIRUDUNAGAR JN,VPT,9.596405,77.957737,22.470588235294116
VISHAKAPATNAM,VSKP,17.72159,83.289514,62.26271186440678
VISHNUPURAM,VNUP,16.7045104904,79.6387859326,43.0
VISHVAMITRI,VS,22.283933,73.178656,12.6
VIZIANAGRAM JN,VZM,18.111374,83.395586,78.58252427184466
VRIDHACHALAM JN,VRI,11.534965,79.316073,31.829268292682926
VYARA,VYA,21.118142,73.383847,31.333333333333332
VYASARPADI,VPY,13.108535,80.256817,105.66666666666667
VYASARPADI JEEVA,VJM,13.108338,80.256873,38.333333333333336
WADAKANCHERI,WKI,10.648956,76.237041,85.3
WADI,WADI,17.054312,76.99155,30.0
WADSA,WSA,20.624198,79.963513,46.0
WALAJAH ROAD JN,WJR,12.970676,79.360511,19.181818181818183
WANI,WANI,20.06638,78.962635,119.0
WANKANER JN,WKR,22.622552,70.965617,32.24
WANPARTI ROAD,WPR,16.3820535896,77.8851499829,32.5
WANSJALIYA,WSJ,21.799383,69.873569,31.8
WARANGAL,WL,17.972477,79.604929,81.65625
WARDHA JN,WR,20.732777,78.594157,72.50819672131148
WARIA,OYR,23.537562,87.246177,13.0
WARORA,WRR,20.244263,79.009944,59.2
WASHIM,WHM,20.103101,77.147986,62.57142857142857
WENA,WENA,25.3266239799,85.5319560193,63.0
WHITEFIELD,WFD,12.995253,77.761305,26.0
YADGIR,YG,16.744396,77.130366,36.0
YALVIGI,YLG,15.0342535867,75.4094012659,15.0
YAMUNA BDG AGRA,JAB,27.191512,78.038127,20.0
YAMUNANAGAR JAGADHRI,YJUD,30.1174255334,77.2875799665,85.9
YELHANKA JN,YNK,13.102795,77.593069,48.53333333333333
YERRAGUNTLA,YA,14.642328,78.534003,28.944444444444443
YESVANTPUR JN,YPR,13.022839,77.551174,25.97222222222222
ZAFARABAD JN,ZBD,25.708436,82.719014,59.375
ZAHIRABAD,ZB,17.674958,77.610213,65.0
ZAMANIA,ZNA,25.373856,83.54365,78.16666666666667
ZAWAR,ZW,24.358621,73.731959,13.75
