longitude,latitude,Station_Code,Total_Score,Station_Name_lower
88.340999,22.584078,HWH,812.14,howrah jn
86.975152,23.691441,ASN,754.83,asansol jn
86.428956,23.790966,DHN,794.74,dhanbad jn
86.037862,23.987971,PNME,785.11,parasnath
84.999294,24.803978,GAYA,746.42,gaya jn
80.350966,26.45424,CNB,747.5,kanpur central
77.220004,28.642314,NDLS,792.29,new delhi
87.870281,23.249718,BWN,722.09,barddhaman jn
86.642183,24.270633,MDP,617.53,madhupur jn
86.644255,24.514517,JSME,697.22,jasidih jn
85.136824,25.60256,PNBE,826.72,patna jn
88.374713,22.566758,SDAH,798.91,sealdah
87.297902,23.495046,DGR,840.16,durgapur
94.9352579102,27.4636065659,DBRG,770.22,dibrugarh
95.334128,27.479748,NTSK,793.32,new tinsukia jn
94.308203,26.652435,MXN,662.26,mariani jn
93.727816,25.905702,DMV,569.17,dimapur
93.1766,25.750036,LMG,412.92,lumding jn
91.751851,26.182635,GHY,769.65,guwahati
91.605929,26.447901,RNY,752.63,rangiya jn
90.5368434644,26.4758354405,NBQ,697.42,new bongaigaon
90.274125,26.405057,KOJ,677.9,kokrajhar
88.443391,26.683025,NJP,831.87,new jalpaiguri
87.949657,26.097746,KNE,702.95,kishanganj
87.566409,25.548947,KIR,675.89,katihar jn
87.09387,25.385261,NNA,740.76,naugachia
86.554446,25.509398,MNE,488.99,mansi jn
85.988748,25.461768,BJU,712.31,barauni jn
85.068505,25.621426,PPTA,810.37,patliputra
85.044629,25.581921,DNR,793.81,danapur
75.847873,30.912367,LDH,730.32,ludhiana jn
75.636044,32.2593,PTKC,621.69,pathankot cantt
74.880117,32.706975,JAT,915.82,jammu tawi
76.596753,8.886586,QLN,712.4,kollam jn
76.290672,9.969542,ERS,610.89,ernakulam jn
76.207919,10.51479,TCR,708.77,thrisur
76.272196,10.758855,SRR,671.83,shoranur jn
75.780407,11.246234,CLT,809.9,kozhikode
75.3683267,11.8706942,CAN,719.94,kannur
74.987652,12.491175,KGQ,748.06,kasaragod
74.88006,12.866193,MAJN,760.81,mangalore jn
73.121756,18.990919,PNVL,653.07,panvel
72.840793,21.206568,ST,890.13,surat
73.181065,22.310756,BRC,826.21,vadodara jn
75.050826,23.34038,RTM,820.28,ratlam jn
77.254249,28.58733,NZM,758.12,h nizamuddin
80.2748563,13.0847613,MAS,846.88,chennai central
80.618648,16.518262,BZA,908.81,vijayawada jn
79.604929,17.972477,WL,850.08,warangal
79.3485858,19.8490173,BPQ,796.79,balharshah
79.089004,21.153567,NGP,795.92,nagpur
77.4131428577,23.2668843843,BPL,716.59,bhopal jn
78.182292,26.216483,GWL,799.99,gwalior
77.990153,27.157992,AGC,640.41,agra cantt
78.501481,17.433147,SC,858.77,secunderabad jn
79.511025,17.974211,KZJ,839.25,kazipet jn
82.167585,22.057473,BSP,802.64,bilaspur jn
81.629328,21.256462,R,931.75,raipur jn
81.291837,21.200327,DURG,858.07,durg
80.190842,21.462435,G,612.23,gondia jn
85.33352,23.348811,RNC,842.35,ranchi
84.074843,24.033075,DTO,703.02,daltonganj
83.885116,24.214419,GHD,874.56,garwa road
72.909127,20.374338,VAPI,736.23,vapi
72.9335291,20.6085595,BL,759.95,valsad
72.997689,21.706907,BH,728.28,bharuch jn
76.35622,26.018279,SWM,669.86,sawai madhopur
77.673117,27.480145,MTJ,612.67,mathura jn
72.388708,23.602623,MSH,760.75,mahesana jn
72.430172,24.174433,PNU,750.41,palanpur jn
72.775695,24.470775,ABR,836.72,abu road
73.234953,25.235808,FA,844.76,falna
75.786923,26.920203,JP,931.75,jaipur
77.010739,28.489165,GGN,823.41,gurgaon
77.116577,28.613534,DEC,689.84,delhi cantt
94.756816,26.917281,SLGR,759.96,simaluguri jn
89.541398,26.48572,NOQ,821.52,new alipurdaur
85.78736,25.858304,SPJ,780.83,samastipur jn
85.378006,26.122311,MFP,735.1,muzaffarpur jn
85.2155,25.702909,HJP,691.35,hajipur jn
84.15312,25.76057,BUI,688.08,ballia
82.986468,25.327281,BSB,827.33,varanasi jn
80.925291,26.830675,LKO,798.34,lucknow nr
79.4108444,28.3371543,BE,784.58,bareilly
78.765801,28.831621,MB,751.06,moradabad
86.134476,25.425296,BGS,653.86,begu sarai
85.842595,20.265388,BBS,827.02,bhubaneswar
85.90156,20.466588,CTC,778.5,cuttack
84.017427,21.862274,JSG,469.42,jharsuguda jn
84.863132,22.22844,ROU,777.39,rourkela
85.627771,22.678979,CKP,553.56,chakradharpur
85.529458,24.434741,KQR,784.45,koderma
86.085016,23.656551,BKSC,722.81,bokaro stl city
84.185434,24.914895,DOS,545.6,dehri on sone
73.12974,19.234716,KYN,704.82,kalyan jn
73.841897,19.947627,NK,808.49,nasik road
75.562875,21.018115,JL,622.58,jalgaon jn
77.366611,15.17556,GTL,682.73,guntakal jn
77.339165,16.192441,RC,805.2,raichur
77.130366,16.744396,YG,812.4,yadgir
77.767128,22.608258,ET,764.3,itarsi jn
86.5162305,21.0917458,BHC,727.01,bhadrakh
86.919582,21.500521,BLS,699.86,balasore
87.0746875,23.2243871,BQA,665.45,bankura
86.674665,23.495992,ADRA,798.93,adra jn
86.20056,22.768954,TATA,817.9,tatanagar jn
77.551174,13.022839,YPR,867.29,yesvantpur jn
77.187106,28.662992,DEE,646.66,delhi s rohilla
73.873086,18.529378,PUNE,800.35,pune jn
75.893401,17.664496,SUR,887.18,solapur jn
76.99155,17.054312,WADI,752.57,wadi
74.438305,20.249887,MMR,742.4,manmad jn
75.781403,23.178154,UJN,588.03,ujjain jn
75.724305,29.152341,HSR,605.75,hisar
83.395586,18.111374,VZM,776.88,vizianagram jn
79.50629,13.636261,RU,804.81,renigunta jn
73.316598,28.014139,BKN,848.98,bikaner jn
72.601516,23.025515,ADI,773.71,ahmedabad jn
71.630056,22.7443,SUNR,724.99,surendranagar jn
70.803446,22.312206,RJT,764.72,rajkot jn
70.11814,22.468974,HAPA,713.52,hapa
77.7323197,20.8567925,BD,788.69,badnera jn
72.842972,19.017179,DR,864.79,dadar
79.950919,23.164636,JBP,783.05,jabalpur
80.827717,24.568619,STA,706.02,satna
73.407657,18.748883,LNL,702.52,lonavala
88.239643,22.575169,ADL,561.27,andul
87.328456,22.341432,KGP,667.84,kharagpur jn
85.839992,19.811459,PURI,685.83,puri
83.289514,17.72159,VSKP,827.57,vishakapatnam
80.441973,16.300784,GNT,684.08,guntur jn
88.315615,22.555508,SHM,584.58,shalimar
83.568045,25.583144,GCT,635.16,ghazipur city
82.066106,26.263027,SLN,728.26,sultanpur
73.02319,26.283765,JU,927.19,jodhpur jn
73.327309,25.790692,PMY,864.9,pali marwar
78.619225,20.739076,SEGM,742.77,sevagram
79.300505,19.960126,CD,813.5,chandrapur
79.4351,18.763329,RDM,849.86,ramgundam
78.354538,22.753941,PPI,531.25,pipariya
79.214385,22.943112,NU,674.2,narsinghpur
80.400543,23.833385,KTE,864.46,katni
80.763148,24.255485,MYR,681.25,maihar
81.250615,24.537122,REWA,811.93,rewa
79.021502,26.78597,ETW,631.66,etawah
78.233285,27.207747,TDL,686.49,tundla jn
79.135341,12.972734,KPD,705.4,katpadi jn
76.646013,12.318946,MYS,855.5,mysore jn
80.260193,13.077678,MS,798.67,chennai egmore
80.1191573807,12.9260356894,TBM,723.96,tambaram
79.500101,11.942971,VM,744.34,villupuram jn
78.685355,10.794067,TPJ,781.73,tiruchchirapali
77.985472,10.35381,DG,860.04,dindigul jn
78.110314,9.919907,MDU,727.53,madurai jn
77.872848,9.182578,CVP,735.1,kovilpatti
77.707979,8.73636,TEN,800.34,tirunelveli jn
77.44347,8.17385,NCJ,698.94,nagercoil jn
74.844068,12.862325,MAQ,770.32,mangalore cntl
75.921865,10.917757,TIR,776.14,tirur
76.2861,9.991582,ERN,667.02,ernakulam town
76.532168,9.594177,KTYM,649.54,kottayam
76.608271,9.319504,CNGR,644.78,chengannur
77.5993269,12.9936735,BNC,755.76,bangalore cant
77.822839,12.717606,HSRA,627.55,hosur
78.113415,11.671726,SA,770.64,salem jn
77.725934,11.327682,ED,805.81,erode jn
77.341247,11.108906,TUP,743.01,tiruppur
76.966298,10.997639,CBE,766.37,coimbatore jn
77.102439,13.333033,TK,639.8,tumkur
75.92229,14.467834,DVG,778.61,davangere
75.004552,15.440386,DWR,783.22,dharwar
76.897256,12.529176,MYA,590.34,mandya
77.674016,13.000534,KJM,854.49,krishnarajapurm
77.957737,9.596405,VPT,804.61,virudunagar jn
79.989383,14.460592,NLR,830.47,nellore
80.057404,15.498064,OGL,761.47,ongole
80.640413,16.242409,TEL,714.7,tenali jn
79.418968,13.62763,TPTY,838.54,tirupati
78.499756,17.389561,KCG,838.77,kacheguda
77.595312,14.686478,ATP,817.28,anantapur
77.717115,14.424369,DMM,751.28,dharmavaram jn
75.893142,19.830781,J,749.79,jalna
75.310646,19.859276,AWB,606.23,aurangabad
72.975417,19.185757,TNA,701.73,thane
80.138491,17.249347,KMT,831.71,khammam
81.119762,16.717816,EE,817.2,eluru
81.783901,16.984159,RJY,799.86,rajamundry
82.168724,17.044827,SLO,857.93,samalkot jn
83.410505,19.175642,RGDA,698.73,rayagada
83.224709,20.188103,KSNG,493.0,kesinga
83.154382,20.284399,TIG,666.99,titlagarh
85.708234,20.153076,KUR,678.83,khurda road jn
85.200953,19.747366,BALU,646.9,balugan
84.7966912,19.2961348,BAM,663.46,brahmapur
84.422091,18.756782,PSA,825.22,palasa
83.903771,18.408679,CHE,614.25,srikakulam road
86.37787,23.324911,PRR,583.48,purulia jn
77.905897,21.896393,BZU,861.84,betul
74.855553,26.588968,KSG,900.33,kishangarh
75.79828,26.873067,GADJ,915.66,gandhinagar jpr
76.621265,27.559273,AWR,865.9,alwar
76.609414,28.202779,RE,719.06,rewari
76.826966,30.338918,UMB,826.7,ambala cant jn
76.82208,30.7019773,CDG,806.3,chandigarh
73.699632,24.566862,UDZ,905.91,udaipur city
74.6307734,25.3435508,BHL,859.79,bhilwara
75.650699,25.407922,BUDI,714.25,bundi
76.727708,26.468979,GGC,739.72,gangapur city
84.229273,24.882213,SEB,571.24,son nagar
74.4806877,19.7807923,SNSI,864.21,sainagar shirdi
75.417118,18.091348,KWV,705.73,kurduvadi
91.689505,26.156154,KYQ,816.84,kamakhya
77.299196,15.949035,MALM,659.61,manthralayam rd
77.593069,13.102795,YNK,435.46,yelhanka jn
86.465251,25.505891,KGG,658.18,khagaria jn
88.130338,25.015659,MLDT,775.71,malda town
87.9229421,25.6512422,BOE,754.81,barsoi jn
86.9767918,25.2419093,BGP,791.23,bhagalpur
84.662596,25.548889,ARA,641.02,ara
83.982184,25.562067,BXR,886.22,buxar
85.529564,25.45611,BKP,761.17,bakhtiyarpur jn
84.989964,25.224705,JHD,725.27,jehanabad
82.013173,26.752552,SLRP,887.18,salarpur
78.074559,27.889584,ALJN,694.69,aligarh jn
77.31521255,28.6505035654,ANVT,870.21,anand vihar trm
74.935736,32.982814,SVDK,868.19,mata vaishno devi katra
77.675106,28.97761,MTC,792.02,meerut city
77.707807,29.468689,MOZ,738.72,muzaffarnagar
77.541739,29.960529,SRE,840.37,saharanpur
77.87417,29.851671,RK,780.44,roorkee
78.154899,29.947787,HW,902.63,haridwar jn
79.8900217,24.7969839,KURJ,705.04,khajuraho
78.395791,24.688222,LAR,549.19,lalitpur
75.7655019775,31.2175557498,PGW,702.73,phagwara jn
75.632106,31.306235,JRC,740.54,jalandhar cant
75.2908085,31.5193738,BEAS,811.27,beas
74.858025,31.631512,ASR,576.44,amritsar jn
86.69712126,24.51178242,DGHR,764.52,deoghar
86.106198,25.171504,KIUL,758.81,kiul jn
80.918587,26.831967,LJN,798.34,lucknow ne
83.381499,26.759311,GKP,670.83,gorakhpur jn
81.23932,26.232684,RBL,825.69,rae bareli jn
81.867081,25.467939,PRG,833.82,prayag jn
72.3847494653,23.0242158216,SAU,707.46,sanand
72.052968,23.129098,VG,728.22,viramgam jn
70.053879,22.493992,JAM,818.3,jamnagar
68.980434,22.251023,DWK,642.75,dwarka
69.073775,22.47096,OKHA,814.23,okha
70.147754,23.069086,GIMB,816.18,gandhidham bg
78.594157,20.732777,WR,813.14,wardha jn
76.690331,20.801724,SEG,801.07,shegaon
76.202946,20.891974,MKU,834.61,malkapur
78.003442,26.500504,MRA,722.47,morena
79.5542552124,26.6321183177,PHD,651.84,phaphund
77.431099,28.649702,GZB,827.46,ghaziabad
76.963793,29.388948,PNP,695.85,panipat jn
76.852795,29.96944,KKDE,776.76,kurukshetra jn
76.931759,30.837667,KLK,818.4,kalka
72.855718,22.694106,ND,734.43,nadiad jn
77.017343,28.989423,SNP,557.7,sonipat jn
76.383194,30.624222,SIR,817.25,sirhind jn
75.591499,31.331665,JUC,752.64,jalandhar city
76.566723,27.039271,BKI,787.76,bandikui jn
87.11698,23.602851,RNG,583.48,raniganj
86.119775,23.755676,CRP,813.5,chandrapura
77.585037,17.25044,TDU,761.31,tandur
77.909409,17.337132,VKB,677.04,vikarabad jn
78.4586266,17.4388739,BMT,734.91,begumpet
76.5940201901,30.486458949,RPJ,848.68,rajpura jn
79.54633,29.266583,KGM,757.06,kathgodam
79.533732,29.215097,HDW,694.93,haldwani
79.379212,28.969281,RUPC,796.16,rudrapur city
79.023419,28.778863,RMU,752.52,rampur
87.915236,24.794558,NFK,731.9,new farakka jn
76.969821,29.694566,KUN,781.16,karnal
86.9985316705,22.4549644863,JGM,436.89,jhargram
86.399854,24.779456,JAJ,804.16,jhajha
86.254775,24.971949,JMU,781.61,jamui
85.709426,25.46165,BARH,740.27,barh
80.109045,29.067103,TPU,793.81,tanakpur
79.813946,28.614978,PBE,687.28,pilibhit jn
79.403718,28.3556564,BC,782.15,bareilly city
79.4109744,28.3372843,BRY,784.58,bareilly
79.16915,28.296051,AO,728.44,aonla
78.991164,28.368424,DUB,674.41,dabtara
78.780268,28.458626,CH,769.16,chandausi jn
78.474329,28.892688,AMRO,688.42,amroha
77.779576,28.739613,HPU,746.47,hapur
77.364182,28.674037,SBB,605.72,sahibabad
77.293154,28.673098,DSA,695.59,delhi shahdara
76.6360518042,30.7263803992,KARR,667.84,kharar
77.031686,26.756164,HAN,661.38,hindaun city
77.488613,27.237107,BTE,692.37,bharatpur jn
77.312775968,28.3408609239,BVH,634.13,ballabgarh
75.245456,26.872814,FL,900.61,phulera jn
75.598294,27.457628,SMPR,669.86,shri madhopur
83.39067,21.891289,RIG,837.1,raigarh
81.946062,21.732464,BYT,858.76,bhatapara
76.774119,19.25746,PBN,687.69,parbhani jn
77.024985,19.180527,PAU,800.35,purna jn
76.356508,10.108163,AWY,683.86,aluva
76.512933,9.182586,KYJ,712.78,kayankulam jn
79.845121,14.148227,GDR,778.0,gudur jn
80.353602,15.830755,CLX,769.14,chirala
80.4582228,16.3100404,NGNT,684.08,new guntur
76.2520848,13.314425,ASK,752.65,arsikere jn
75.812314,14.515431,HRR,736.63,harihar
75.492987,11.75314,TLY,744.1,thalassery
75.5869409,11.5933214,BDJ,792.3,vadakara
76.580267,9.392148,TRVL,660.51,tiruvalla
79.62868,11.095237,MV,753.54,mayiladuturai j
79.388644,10.952962,KMU,718.52,kumbakonam
79.138296,10.778085,TJ,734.38,thanjavur
75.812209,13.710886,TKE,752.65,tarikere
75.583174,13.943037,SMET,861.37,shimoga town
92.5563227,24.8651775,BPB,761.17,badarpur jn
85.038112915,25.3552301906,TEA,795.18,taregna
83.668324,25.419424,DLN,727.79,dildarnagar jn
84.8740874,25.5609486,BTA,837.11,bihta
84.359267,26.210724,SV,797.96,siwan jn
83.7819590961,26.5076811676,DEOS,575.32,deoria sadar
85.907575,26.157088,DBG,763.89,darbhanga jn
86.134871,26.589465,JYG,610.89,jaynagar
82.679662,26.061399,SHG,635.56,shahganj jn
79.667991,13.081512,AJJ,649.73,arakkonam
80.244533,13.10702,PER,700.92,perambur
82.699696,25.762849,JNU,734.25,jaunpur jn
78.0191,27.183308,AF,618.59,agra fort
77.314104,24.6405,GUNA,667.98,guna
86.736175,25.24085,SGG,650.13,sultanganj
86.492285,25.313906,JMP,776.03,jamalpur jn
77.761305,12.995253,WFD,729.09,whitefield
81.978152,27.154613,GD,612.23,gonda jn
76.353227,21.823596,KNW,633.45,khandwa
76.4041,30.344249,PTA,776.79,patiala
72.840535,19.061911,BDTS,701.1,bandra terminus
73.000633,21.623889,AKV,770.61,ankleshwar jn
71.397067,25.7445219,BME,858.78,barmer
84.90529,26.655733,BMKI,879.63,bapudham motihari
84.464045,27.105035,NKE,763.24,narkatiaganj jn
82.1606698987,27.4158206073,BLP,752.52,balrampur
76.641926,10.802091,PGT,570.16,palakkad jn
78.178188,12.984808,BWT,700.91,bangarapet
74.253374,22.843607,DHD,777.44,dahod
77.8148356,23.5222886,BHS,651.06,vidisha
78.74292,23.84735,SGO,834.98,saugor
79.432246,23.836693,DMO,767.56,damoh
80.4014844,23.8343563,KMZ,537.75,katni murwara
83.564347,25.93948,MAU,670.19,mau jn
83.934035,26.381257,BTT,564.65,bhatni jn
74.853025,24.459873,NMH,757.17,nimach
79.571737,27.38236,FBD,488.9,farrukhabad
79.926109,27.026507,KJN,519.31,kannauj
79.306787,9.280973,RMM,681.55,rameswaram
78.836862,9.358387,RMD,742.83,ramanathapuram
78.45351,9.681539,MNM,727.53,manamadurai jn
76.051191,22.977556,DWX,470.93,dewas
74.7736278176308,29.192562738769,NHR,814.23,nohar
74.297633,29.614904,HMH,860.05,hanumangarh jn
74.618439,30.942486,FZR,684.53,firozpur cant
81.364073,23.285962,SDL,806.86,shahdol
81.695967,23.117312,APR,787.04,anuppur jn
78.316774,17.482874,LPI,645.39,lingampalli
84.010526,21.850125,JSGR,469.42,jharsuguda road
73.0133366,26.2484972,BGKT,897.36,bhagat ki kothi
74.999049,20.464109,CSN,689.89,chalisgaon jn
74.721882467,19.0755194777,ANG,810.04,ahmadnagar
74.503328,19.902943,KPG,700.88,kopargaon
73.871417,29.931792,SGNR,869.0,shri ganganagar
73.907248,29.324152,SOG,913.23,suratgarh jn
73.723572,27.199991,NGO,766.47,nagaur
73.609301,25.720479,MJ,895.57,marwar jn
82.111546,22.102548,USL,887.18,uslapur
81.89917,22.755825,PND,807.44,pendra road
80.823244,23.52273,UMR,746.38,umaria
86.594953,25.875208,SHC,765.02,saharsa jn
84.3298444,24.8559556,AUBR,796.88,anugraha n road
83.618913,25.173007,BBU,653.7,bhabua road
82.642735,24.204257,SGRL,832.42,singrauli
73.12357712,18.44649043,ROHA,703.82,roha
86.078137,26.208947,SKI,566.53,sakri jn
85.504707,26.594374,SMI,522.7,sitamarhi
84.844564,26.987018,RXL,760.4,raxaul jn
84.066991,27.130045,BUG,597.57,bagaha
79.904605,27.894224,SPN,883.84,shahjehanpur
81.093657,25.063492,MKP,528.14,manikpur jn
74.332936,14.645347,ANKL,728.44,ankola
76.548414,9.449881,CGY,735.29,changanaseri
80.147877,27.399414,HRI,655.48,hardoi
84.73934,26.758187,SGL,568.92,sagauli jn
86.076784,26.348165,MBI,493.96,madhubani
88.3793623,22.9236565,BDC,744.58,bandel jn
79.459533963,25.9825370076,ORAI,607.97,orai
77.500362,13.819144,HUP,554.21,hindupur
83.008851,17.695503,AKP,660.81,anakapalle
82.542462,17.36108,TUNI,761.61,tuni
84.002866,24.538969,JPL,749.79,japla
76.330336,26.900047,DO,848.43,dausa
76.1255797,28.7984261,BNW,832.11,bhiwani
76.57955,28.890904,ROK,703.82,rohtak jn
82.5583597,25.3952636,BOY,599.93,bhadohi
81.806276,26.153024,AME,688.26,amethi
84.973273,19.3589572,CAP,813.5,chatrapur
78.472545,15.468024,NDL,711.8,nandyal
77.865727,15.396729,DHNE,601.1,dhone
82.569869,25.13435,MZP,684.22,mirzapur
82.089337,25.221545,MJA,823.14,meja road
73.045654,19.268544,BIRD,429.2,bhiwandi road
77.5137793,17.9116836,BIDR,717.62,bidar
76.556049,18.429166,LUR,682.05,latur
73.917896,26.728077,MTD,823.14,merta road jn
70.64304,25.743851,GDD,818.57,gadra road
83.133741,26.750013,MHH,681.25,maghar
83.055073,26.77453,KLD,684.67,khalilabad
82.227648,27.039058,MUR,528.14,mankapur jn
83.246984,25.605166,MHO,617.53,mahpur
83.0141142,25.3341176,BCY,687.65,varanasi city
80.347318,28.284349,MLN,662.26,mailani
80.150951,28.514911,PP,621.2,puranpur
79.432729,28.434064,DOX,891.41,dohna
79.655274,28.574785,BJV,761.59,bijauria
76.678033,12.4247,S,556.89,shrirangapatna
77.203824,12.659673,CPT,608.05,channapatna
77.283451,12.720096,RMGM,664.95,ramanagaram
77.48431,12.918047,KGI,711.74,kengeri
75.610219,15.672447,MLP,834.61,mallapur
78.103238,18.679165,NZB,765.61,nizamabad
79.197947,21.21172,KP,800.6,kamptee
79.647523,21.238512,BRD,818.57,bhandara road
82.7918337,27.4957951,BNY,740.27,barhni
89.534048,26.523279,APDJ,821.52,alipur duar jn
88.413663,26.723204,SGUJ,759.96,siliguri jn
76.38578,15.286807,HPT,810.3,hospet jn
76.921995,15.145135,BAY,845.25,bellary jn
79.448848,18.878745,MCI,827.82,manchiryal
77.938506,18.86512,BSX,793.26,basar
77.642682,19.0418,UMRI,746.38,umri
86.822911,21.39628,KHF,858.76,khantapara
87.0637831,21.7029241,BTS,793.26,basta
87.389853,22.362509,JPR,931.75,jakpur
87.443268,22.369694,MPD,617.53,madpur
87.655069,22.365254,HAUR,746.47,haur
87.7430237079,22.393102763,PKU,665.45,panskura
82.713013,22.337584,KRBA,791.88,korba
79.849079,25.306914,MBA,691.35,mahoba
90.9639649,26.5028473,BPRD,783.19,barpeta road
77.7577863,20.9300829,AMI,821.86,amravati
81.18104,26.935335,BBK,716.94,barabanki jn
80.9613606,26.8686134,BNZ,662.24,badshahnagar
78.451748,25.237832,BAB,607.38,babina
76.1986787,21.3343976,BAU,621.2,burhanpur
74.659526,20.307616,NGN,899.9,nandgaon
76.934533,11.299729,MTP,747.16,metupalaiyam
80.801869,25.917489,FTP,677.73,fatehpur
74.3149711,26.1089078,BER,794.42,beawar
82.539073,26.429818,ABP,748.96,akbarpur
82.8800248,25.453616,BTP,692.37,babatpur
82.946972,25.355419,SOP,595.95,shiupur
77.92157,9.357545,SRT,682.05,satur
79.999792,17.597561,MABD,717.73,mahbubabad
79.154734,17.725115,ZN,622.58,jangaon
83.160614,26.038607,AMH,771.79,azamgarh
72.914294,20.946851,NVS,669.73,navsari
72.918698,20.461236,UVD,673.67,udvada
76.297843,23.425074,SFY,883.84,shajapur
77.638246,25.438444,SVPI,595.95,shivpuri
78.272811,26.413118,MLAR,834.61,malanpur
77.685113,27.491013,MRT,612.67,mathura cant
80.328444,26.456233,CPA,545.42,kanpur anwrganj
75.939411,24.644606,RMA,564.35,ramganj mandi
75.786436,26.855947,DPA,922.5,durgapura
77.9821558,20.8045192,CND,813.5,chandur
77.4807316095,22.4703575471,BPF,793.81,banapura
78.331015,25.881197,DBA,674.41,dabra
77.996613,27.193811,RKM,589.8,raja ki mandi
77.445999,27.788551,KSV,485.41,kosi kalan
77.307348,28.411473,FDB,554.59,faridabad
77.1299115857,28.6802273287,SSB,497.63,shakurbasti
76.930886,28.700863,BGZ,718.58,bahadurgarh
75.22772,30.062746,MAUR,586.11,maur
83.494207,20.688591,BLGR,583.19,balangir
83.9603252667,21.4830514376,SBP,738.58,sambalpur
87.307379,22.42498,MDN,405.44,midnapore
78.194338,22.693813,SGP,887.18,sohagpur
77.27485,15.617035,AD,520.59,adoni
77.625823,15.149208,GY,615.12,gooty jn
78.829184,14.45169,HX,649.05,cuddapah
79.611386,13.179217,TRT,675.0,tiruttani
82.310962,25.549911,JNH,746.17,janghai jn
77.62227,29.832554,NGL,675.61,nagal
77.96680748,27.06906445,BHA,686.83,bhandai
78.386691,27.147415,FZD,883.14,firozabad
78.331128,24.051525,KYE,381.53,khurai
80.5779045111,24.0995008758,UDR,641.02,amdara
77.342232,28.151841,PWL,680.03,palwal
82.867173,26.089746,KRND,522.84,khorason road
82.6313,26.281482,MLPR,586.11,malipur
80.860312,26.84708,AMG,818.3,alamnagar
78.501588,29.305446,DPR,856.48,dhampur
82.666999,25.734125,JOP,654.22,jaunpur city
79.3122585,19.9400612,CAF,553.83,chanda fort
78.339549,12.746834,KPN,690.32,kuppam
84.634804,24.819694,RFJ,549.7,rafiganj
77.81904,28.206407,KRJ,381.53,khurja jn
77.01075,29.130776,GNU,541.22,ganaur
75.120256,32.528358,SMBX,711.29,samba
85.305488,25.50144,FUT,715.62,fatuha jn
88.723026,26.51816,JPG,831.87,jalpaiguri
88.994973,26.573532,DQG,717.12,dhupguri
86.4115380682,25.2578934114,DRH,736.63,dharhara
88.4185,22.888555,NH,583.19,naihati jn
85.414697,25.033069,RGD,815.67,rajgir
85.512918,25.160225,POE,658.57,pawapuri road
76.811256,27.576612,RAH,837.1,ramgarh
73.313909,28.043638,LGH,842.79,lalgarh jn
76.607541,27.240827,RHG,837.1,rajgarh
73.652289,29.342839,JES,576.44,jaitsar
76.005784,24.832609,DARA,674.41,dara
75.865501,25.145188,DKNT,596.25,dakaniya talav
70.928239,26.91655,JSM,852.02,jaisalmer
73.474848,27.556203,NOK,814.23,nokha
73.31039,25.347582,RANI,842.35,rani
87.263262,26.402263,JBN,462.42,jogbani
87.446912,26.114921,ARQ,369.68,arariya court
87.519124,25.790678,PRNA,800.35,purnia jn
72.843465,19.019731,DDR,864.79,dadar
92.786795,24.830338,SCL,669.78,silchar
76.377993,10.770046,OTP,346.76,ottappalam
76.363817,9.386059,AMPA,526.12,ambalapuzha
84.530639,26.94163,CAI,608.05,chanpatia
83.841719,26.121418,BLTR,556.11,belthara road
77.056966,28.686261,NNO,542.93,nangloi
75.034944,29.539153,SSA,751.12,sirsa
79.913105,13.115764,TRL,682.75,tiruvallur
75.880597,10.97954,TA,761.31,tanur
75.693924,11.446139,QLD,561.67,quilandi
75.195107,12.092248,PAY,670.69,payyanur
75.085248,12.320268,KZE,762.42,kanhangad
74.887582,12.724197,MJS,770.61,manjeshwar
80.228164,13.038154,MBM,715.81,mambalam
75.13575,12.255885,NLE,770.61,nileshwar
80.100518,13.118247,AVD,638.04,avadi
79.103252,13.219857,CTO,719.0,chittoor
77.542504,8.088028,CAPE,748.84,kanyakumari
76.954304,11.019937,CBF,766.37,coimbatore nrth
72.610413,23.000142,MAN,686.62,maninagar
77.307338,8.963993,TSI,714.7,tenkasi jn
78.155359,8.806109,TN,653.53,tuticorin
76.943513,17.121663,SDB,605.72,shahabad
81.526314,16.809961,TDD,775.85,tadepalligudem
80.564992,16.438256,MAG,622.31,mangalagiri
79.3768995,17.8506252,GNP,746.47,ghanpur
82.419677,17.269633,ANV,681.33,annavaram
81.675504,16.898297,NDD,647.15,nidadavolu jn
79.112528,20.084262,BUX,727.01,bhandak
75.4900954675,14.6997230018,BYD,812.4,byadgi
79.6830412451,13.7463618318,KHT,703.36,sri kalahasti
82.240057,16.955204,COA,724.59,kakinada port
82.2329218,16.9670099,CCT,770.97,kakinada town
80.616024,17.550365,BDCR,708.54,bhadrachalam rd
79.6387859326,16.7045104904,VNUP,672.71,vishnupuram
79.135713114,17.221960824,CTYL,769.14,chityala
80.987594,16.429888,GDV,573.13,gudivada jn
71.636053,22.734565,SRGT,724.99,surendranagar gate
72.141059,21.781668,BVC,546.04,bhavnagar trmus
81.516853,16.547348,BVRT,804.79,bhimavaram town
74.8068256635,16.483374512,RBG,833.82,raybag
76.117359,13.003182,HAS,761.49,hassan
81.699909,16.445891,NS,760.47,narasapur
74.541646,20.102455,NSL,571.24,nagarsol
75.011489,19.926081,LSR,682.05,lasur
77.019937,16.936043,NW,865.9,nalwar
83.220449,17.744667,SCM,567.55,simhachalam
82.3841486,21.0462946,BGBR,597.57,bagbahra
87.301071,23.065499,VSU,672.71,bishnupur
81.375901,21.208119,BPHB,822.86,bhilai pwr hs
85.7428,20.06205,KASR,808.49,kanas road
81.528406,23.213204,BUH,621.2,burhar
81.0433529,23.3672117,BRS,674.2,birsinghpur
79.828127,11.925446,PDY,648.8,puducherry
77.686937,29.015997,MUT,792.02,meerut cant
69.615506,21.643598,PBR,680.1,porbandar
69.9524202618,22.1945375806,LPJ,776.03,lalpur jam
76.755565,28.350738,PTRD,658.57,pataudi road
72.874083,21.077673,SCH,620.82,sachin
72.926702,21.399697,KIM,770.39,kim
72.954598,21.464052,KSB,711.29,kosamba jn
73.120353,22.050722,MYG,626.34,miyagam karjan
70.370689,20.913351,VRL,781.15,veraval
70.795588,21.972471,GDL,742.04,gondal
71.717303,22.359871,RUR,875.06,ranpur
73.731959,24.358621,ZW,865.9,zawar
73.695462,23.867175,DNRP,840.16,dungarpur
74.5939589105,25.4396317383,MDL,561.27,mandal
71.756011,21.09412,MHV,612.67,mahuva jn
71.479251,21.103699,RLA,848.68,rajula jn
71.509053,21.688346,DME,818.3,damnagar
82.851162,25.497052,PDRD,807.44,pindra road
75.6506845168769,28.2233413650416,CRWA,769.14,chirawa
77.085727,28.846886,NUR,527.44,narela
75.9464005609,27.88868543,DBLA,674.41,dabla
75.356234,27.149463,RNW,811.93,renwal
76.575644,27.149686,BU,793.26,baswa
85.2173007153,25.1385771015,IPR,887.18,islampur
85.277079,25.317354,HIL,605.75,hilsa
84.7482064,20.9200366,BONA,607.38,boinda
70.0786586,23.0770527,AI,931.75,adipur
77.09295,28.585656,PM,422.58,palam
72.568831,23.02676,GG,816.18,gandhigram
73.771734,24.522588,UMRA,746.38,umra
78.592092,11.594788,ATU,682.05,attur
80.216657,23.557854,DDCE,740.46,dundi
86.9386234,23.6719137,BURN,621.2,burnpur
83.145109,23.137032,ABKP,840.0,ambikapur
75.966232,28.382338,STNL,706.02,satnali
75.321565,31.949113,DHW,783.22,dhariwal
75.644427,32.271804,PTK,604.79,pathankot
80.462852,26.297301,SSL,751.12,sirsaul
75.472759,30.801197,JGN,622.58,jagraon
77.940033,12.992108,MLO,586.11,malur
74.13682,18.494237,URI,583.48,uruli
72.752481,22.819556,MHD,603.81,mhmdvd kheda rd
78.96071,29.204978,KPV,751.32,kashipur
79.122239,29.390223,RMR,818.3,ramnagar
74.147622,17.690976,KRG,700.88,koregaon
74.17217,17.612152,RMP,663.46,rahimatpur
74.155817,17.514242,TAZ,795.18,targaon
74.144209,17.404241,MSR,586.11,masur
77.6812826,22.7871143,BNI,714.25,budni
77.310771,28.746571,NOLI,584.85,noli
77.261341,29.012729,SUJR,890.13,sujra
77.273006,29.09692,BTU,488.24,baraut
81.0404752448,26.8534491635,ML,586.11,malhour
78.656727,28.989821,MTB,834.61,matlabpur
78.3932854,29.522577,BEK,714.25,bundki
77.738546,29.896398,CDL,769.14,chodiala
79.625781,28.083668,BLPU,664.11,bilpur
79.913517,27.890862,SXK,883.84,shajahanpurcort
77.195721,30.152546,DZP,793.81,darazpur
76.988712,30.23388,TDW,561.27,tandwal
76.567332,30.911265,MNPR,684.22,mianpur
74.3312018830329,29.5742205454957,HMO,860.05,hanumangarhtown
75.7342997845262,28.3016841538725,SRGH,913.23,surajgarh
73.398866,29.185337,RMSR,674.2,ramsinghpur
79.01491,27.995236,UJH,711.39,ujhani
80.927482,26.875384,DAL,549.7,daliganj
80.822278,27.378437,KMP,834.61,kamalapur
80.632889,27.994397,RZJ,549.7,razaganj
82.969293,27.374711,SOT,913.23,shohratgarh
77.531591,13.866614,MLU,586.11,malugur
74.0209756,15.1517258,BLLI,688.08,balli
74.259657,14.740762,HAA,783.22,harwada
79.845998,10.759221,NGT,645.72,nagappattinam
81.538335,16.543097,BVRM,797.24,bhimavaram jn
75.719362,16.802926,IMR,663.46,ibrahimpur
74.4997568146,15.6379344079,KNP,667.84,khanapur
75.5576150342,12.7312724613,SBHR,691.78,subrahmanya roa
76.524424,18.853005,PRLI,630.15,parli vaijnath
86.73407,21.95074,VZR,621.2,bhanjpur
73.672014,18.734829,TGN,622.58,talegaon
74.775042,18.317256,BGVN,832.11,bhigwan
74.9887134,17.1209672,DLGN,622.58,dhalgaon
83.923271,26.298048,SRU,770.64,salempur jn
78.394254,25.142923,BZY,793.26,basai
75.829518,30.683642,AHH,718.58,ahmadgarh
85.30109021,25.85831672,BNR,791.23,bhagwanpur
74.9366600031,20.4245402267,HPR,746.47,hirapur
77.469063,20.761491,MANA,742.4,mana
77.58733,20.808396,KUM,641.49,kuram
78.463093,20.729315,DAE,801.07,dahegaon
81.979022,23.202833,KTMA,746.04,kotma
77.735783,23.488096,SCI,620.82,sanchi
79.586316,23.082226,BMR,752.52,bikrampur
80.4137045734,23.9143072844,PTWA,702.73,patwara
75.86371,16.416601,WDL,561.27,wandal
75.799259,15.434833,RLP,692.37,harlapur
76.036416,15.38694828,BNP,791.23,bhanapur
75.722483,19.873979,BDU,793.81,badnapur
76.7364,19.188596,SNGR,817.28,sanganapur
75.199289,18.212962,BLNI,694.93,bhalwani
77.294046,28.511963,TKD,676.56,tuglakabad
77.264825,28.559332,OKA,814.23,okhla
79.8925106329,23.8365760851,RTGN,899.9,ratangaon
77.44077,24.65577,PGA,702.73,pagara
82.013256,24.053618,NWB,808.49,niwas road
80.651011,25.248423,BUS,848.43,badausa
78.381661,25.811254,KTRA,746.04,kotra
87.726275,24.080029,MLV,834.61,mallarpur
87.045918,25.239083,SBO,738.58,sabaur
86.876395,23.760355,SLS,750.41,salanpur
86.1554051245,25.1049319287,MNP,817.28,mananpur
86.1591750293,25.1719686608,DNRE,793.81,dhanauri
85.9650784882,25.4735905867,BUJ,712.31,barauni f
86.0866355896,26.2804866136,PDW,561.27,pandaul
86.152987,26.401801,RJA,818.3,rajanagar
88.4525522,23.1215453,BGAE,634.13,balagarh
88.324967,23.335767,SMAE,913.23,samudragarh
88.0728943982,24.4048041196,GALE,541.22,gankar
88.111097,23.774579,SALE,865.9,salar
87.378973,23.803358,DUJ,840.16,dubrajpur
87.045099,24.388941,BSKH,533.2,basukinath
88.127696,25.619125,RGJ,549.7,raiganj
88.263642,24.0890841,BPC,710.21,berhampore crt
89.136244,26.715384,DLO,622.58,dalgaon
89.416841,26.688907,HOJ,703.02,hamiltonganj
86.859388,25.398348,NNR,760.47,narayanpur
89.721829,26.484168,KAMG,816.84,kamakhyaguri
83.738354,25.4504253,BWH,727.01,bhadaura
86.91169349,24.8659010332,BAKA,665.45,banka
84.850792,24.809464,PRY,531.25,paraiya
86.1406539392,25.1721586608,RMPR,752.52,rampur h
86.047863,22.852966,KND,641.02,kandra
77.537422,28.53794,DER,383.94,dadri
87.8375132959,25.6156715055,SRI,584.58,salmari
75.947241,29.088277,HNS,711.39,hansi
77.571716,28.827907,MDNR,597.89,modinagar
77.438008,28.674404,GZN,827.46,n ghaziabad
80.6934544,26.3551471,BQP,761.59,bighapur
80.228735,26.310011,KTRR,556.11,kathara road
80.252892,26.503485,KAP,750.41,kalianpur
77.309368,28.376248,FDN,524.83,faridabad nw tn
82.561158,26.913411,GAUR,766.47,gaur
78.099997,29.891989,IKK,847.15,ikkar
72.3755364282,27.2041163361,MAAR,681.25,malhar
72.6654016473,27.6079949928,NKRA,814.23,nokhra
75.827673,27.809478,MADA,590.34,maonda
73.146431,26.33951,BNO,793.26,banar
77.612747,27.516762,MROA,722.47,mora
74.401977,30.452385,BSGR,793.26,bhagsar
75.724207,30.378176,ALAL,680.03,alal
74.024928,26.012397,HP,746.47,haripur
75.128292,26.950042,GA,891.41,gudha
76.0010813867,26.2571138478,SRAS,751.12,siras
77.99967978,23.91494729,BET,740.27,bareth
73.071329,24.856164,KVJ,702.95,keshavganj
72.9887256,24.7131638,BNS,686.83,banas
75.1294882373,28.4266753002,SRSL,751.12,sirsala
72.951414,25.970783,SUT,706.02,satlana
72.5545000909,25.5031445488,BAWA,865.9,balwara
72.5752165,25.448874,BISH,900.33,bishengarh
72.487603,25.2130523,BK,818.57,bakra road
72.2670080994,24.7994691685,MBW,865.9,malwara
72.078131,25.893262,TWL,859.79,tilwara
72.00004,25.891938,GOLE,761.47,gole
79.3272155493,27.5409770085,KMJ,549.7,kaimganj
84.956774,25.764396,ATNR,817.9,awatarnagar
83.836714,26.90674,RKL,728.44,ramkola
83.868376,27.182926,KZA,633.45,khada
87.6197250085,25.343215469,MHI,681.25,manihari
84.941759,26.924721,ADX,407.03,adapur
84.832613,26.958112,MSDH,746.26,masnadih
84.680541,27.024365,STF,847.15,sikta
89.900353,26.184354,BSI,793.26,basbari
95.356367,27.4864,TSK,793.32,tinsukia jn
95.440958,27.485742,MJN,670.19,makum jn
93.126299,25.187996,MXR,586.11,mahur
92.716658,24.984962,CNE,813.5,chandranathpur
92.620511,24.951767,HLX,859.79,hilara
90.560548,26.478293,BNGN,697.42,bongaigaon
92.6577872687,26.1606011328,KWM,752.52,kampur
93.865713,26.601184,NMGY,694.69,numaligarh
89.8034610461,26.4548754981,JOQ,607.97,jorai
90.42015,26.460164,BSGN,646.9,basugaon
87.864524,26.003233,KKA,864.46,kanki
91.684343,26.343713,BIZ,837.11,baihata
79.245745,12.974779,THL,660.51,tiruvalam
79.579647,13.307882,NG,766.47,nagari
79.673488,12.956333,TMLP,682.75,tirumalpur
79.906997,12.766651,PALR,586.11,palur
75.209164,14.073324,ANF,817.28,anandapuram
76.567029,12.401426,KJS,854.49,krishnarajasgra
78.0467800159,11.7385543,OML,586.11,omalur
76.932807,11.934891,CMNR,750.54,chamarajanagar
76.68443,12.12211,NTW,716.0,nanjangud town
75.939298,13.647065,SPV,595.95,sivapur
76.252495,10.842076,VPZ,526.12,vailapuzha
78.2849851605,11.6710796759,MPLI,645.39,minnampalli
75.741119,11.346337,ETR,682.05,elattur
79.178793,13.098012,RAM,752.52,ramapuram
78.757917,10.872869,VLDE,759.95,valadi
78.547696,10.700678,KLS,682.05,kolatur
79.430571,19.641288,WIRR,789.04,wirur
78.288344,17.169347,TMX,569.17,timmapur
76.530953,17.335973,GDGN,823.41,gaudgaon
77.967556,15.368944,MLK,834.61,malkapuram
78.0375519629,15.8120341064,KOLA,746.04,kotla
77.884404,16.424621,KONN,719.94,konnur
78.188891,16.947622,BABR,583.19,balanagar
80.795715,16.555839,GWM,681.33,gannavaram
79.105722,14.264922,NRE,711.8,nandalur
81.4641871844,16.580375476,UNDI,714.25,undi
74.696289906,16.7778119655,VJR,610.89,vijayanagar
73.377469,18.755087,KAD,633.45,khandala
80.828736,16.019794,RAL,558.07,repalle
77.71074,21.020729,WLGN,622.58,walgaon
78.515006,17.505779,ALW,680.03,alwal
76.348052,19.494861,SCO,706.02,satuna
82.013757,19.066004,JDB,407.03,jagdalpur
86.29629,23.21838,KTD,705.4,kantadih
86.066359,22.919528,MIK,787.76,manikui
86.616164,23.52693,SNKR,706.02,sanka
86.16169,23.758691,DNH,764.52,deonagar
85.835187,20.382175,BBSN,827.02,bhubaneshwar new
85.426059,22.540309,TUX,761.61,tunia
79.292976,21.236542,SAL,865.9,salwa
85.957487,20.56434,SQQ,622.58,salagaon
82.296511,22.034344,JRMG,818.3,jairamnagar
82.64566,22.348524,GAD,823.14,gevra road
85.47699312,22.08071726,DJHR,764.52,deojhar
85.637868,21.617209,NANR,760.47,naranpur
85.67659,21.548768,BSTP,817.28,basantapur
84.370679,18.665918,PUN,714.25,pundi
82.86256,18.333991,ARK,562.57,araku
85.909013,23.196775,SSIA,751.12,suisa
75.222477,21.018946,BHNE,601.1,bhone
73.893108,21.165523,KFF,728.44,kolda
72.978371,21.535197,PAO,584.85,panoli
73.1122662115,22.4052520954,RNO,584.85,ranoli
75.460561,23.482264,RLK,678.83,rohal khurd
77.234121,26.864673,DY,746.38,dumariya
71.415981,21.201567,MRYA,662.26,mariyana
69.848031,21.764673,TRSR,764.3,tarsai
69.961069,21.895867,WAB,865.9,balwa
70.91711,22.585991,AXA,576.44,amarsar
69.3687405,22.1227803,BPKA,716.59,bhopalka
76.0076378418,23.2563508677,SVT,595.95,shivpura
72.3128162,24.2064915,CDS,806.3,chandisar
72.705473,22.867204,KANJ,864.46,kanil
74.635713,25.261369,MDPA,590.34,mandpiya
73.273605,27.845286,PAE,825.22,palana
74.113189,26.063048,BAR,740.27,bar
86.70137,23.769198,TNW,817.9,thaparnagar
86.3946927771,23.8022772592,BHN,811.22,bhuli
85.06620037,24.75197374,BNF,686.83,bandhua
85.044738,24.807111,MPO,528.14,manpur jn
83.848303,25.021489,KVD,678.83,khurmabad road
78.132044,13.124594,KQZ,728.44,kolar
88.33950084,22.63591201,BEQ,817.2,belur
73.223871,18.392294,KOL,728.44,kolad
73.24465,18.297688,INP,554.21,indapur
74.578044,18.314696,SSI,751.12,shirsai
79.858161,22.798847,SKY,847.15,shikara
80.1564133228,21.9419101772,SMC,738.58,samnapur
80.198945,22.418426,JGZ,622.58,jamgaon
80.259304,22.410159,RAMP,752.52,rampuri
79.680325,26.080449,URG,823.41,usargaon
79.907312,26.28889,MLS,825.22,malasa
79.948516,26.318818,LLR,549.19,lalpur
80.178721,26.402727,BNAR,607.38,binaur
80.6889460992,26.6635672889,JTU,931.75,jaitipur
80.890615,26.810176,MKG,686.62,manak nagar
78.181356,26.30595,BBY,599.93,bhadroli
78.192317,27.32891,BRN,712.31,barhan jn
78.653919,27.571173,ETAH,631.66,etah
79.511652,27.351481,UGP,840.16,ugarpur
78.837282,27.156663,KOZ,711.29,kosma
81.311271,28.112457,NSA,900.33,nishangara
75.769823,32.282959,KAWL,633.45,kandwal
71.036053,20.819025,UNA,667.98,una
87.963719,24.302357,LAP,746.47,lohapur
88.467499,22.969219,KYI,704.82,kalyani
88.489717,23.005928,MPJ,793.81,madanpur
85.417826,24.859601,HIS,605.75,hisua
86.490871,23.725742,RKJE,875.06,rakhitpur
84.416974,23.763612,BFQ,714.25,bendi
86.5327701855,25.3232551986,PATM,422.58,patam
76.882594,29.40129,ASAN,761.49,asan
75.616682,29.893255,DTW,470.93,datewas
75.297550556,30.0411022365,KTKL,485.41,kotli kalan
75.8046766022,29.874366637,GRN,667.98,gurnay
75.8156104224,30.165006839,BZ,728.28,bharur h
78.768653,28.560472,JRJ,622.58,jargaon
77.528116,28.690719,DS,848.43,dasna
81.745663,25.572021,ARP,752.52,atrampur
80.529002,26.48788,KURO,607.97,korari
81.248588,26.182799,DYP,793.81,daryapur
81.267274,25.996484,RCP,813.5,ramachandrapur
80.139995,25.613687,AKW,791.88,akora
82.680471,25.655084,SAF,834.61,salkhapur
80.597408,27.534312,RAK,764.72,ramkot
80.196235,27.32161,KAR,781.16,karna
78.2201080066,28.0971879576,AUR,658.57,atrauli road
78.265728,28.150306,DMPR,856.48,dharampur
75.578528,32.252678,SRM,706.02,sarna
76.068043,31.146278,KYY,736.63,kariha h
75.999562,31.177139,BXB,686.83,banga
74.706748,31.018428,MFM,715.81,mahalam
81.773788,27.141734,MIR,761.59,maijapur
84.311942,26.586308,JGP,783.05,jalalpur
82.9075993964,25.276911474,HDT,692.37,hardattpur
82.634249,25.250251,KFK,818.4,katka
82.3506715509,25.3053173094,JGG,583.48,jangiganj
82.120195,25.379137,SDC,605.72,saidabad
82.017775,25.412362,RTR,742.83,ramnathpur
83.50513,25.959544,PLGH,694.69,paligarh h
83.0299456195,26.0074784479,PHY,736.63,phariha
78.932709,29.143806,ALJ,549.7,aliganj
80.002313,28.951978,CKK,553.56,chakarpur
77.7868838446,27.5524062276,RAYA,833.82,raya
79.812599,28.290516,BSUR,761.59,bisalpur
89.520667,26.479307,APD,821.52,alipur duar
89.494466,26.388205,BSW,827.02,baneswar
86.370122,25.517459,OLP,887.18,olapur
92.1395124182,26.1204333815,BRHU,488.24,barahu
91.143131,25.984617,SNCA,832.42,singra
91.517401149,26.0727512878,MRZA,781.32,mirza
92.595918,24.754753,ALGP,834.61,algapur
92.204092,24.385641,NPU,569.17,nadiapur
92.434527,24.545736,APU,674.31,anipur
88.1912832245,25.6221398658,BMGR,664.95,bamangram
88.669651,26.53055,MOP,597.89,mohitnagar
77.100362,8.397109,AMVA,821.86,amaraviia
77.7018564789,8.7067184087,MP,747.16,melappalaiyam
77.131692,15.158976,VP,684.22,virapur
74.047794,15.264834,CNR,813.5,chandar
78.776559,14.493468,KPU,854.49,krishnapuram
79.2872542792,13.6063213389,KEN,746.04,kotala
77.640854,14.591854,ZPL,660.81,zangalapalle
78.490284,17.366083,DQR,838.77,kacheguda dbr
77.2376282849,19.5948820434,NDPR,817.28,nandapur
76.182913,17.429086,NGS,766.47,nagansur
85.381896,22.218519,GUA,667.98,gua
79.468096,21.261121,RRL,811.93,rewral
82.183013,21.102097,ARN,707.46,arand
83.199696,20.337936,SFK,847.15,sikir
81.276887,18.854521,KMLR,586.11,kamalur
81.26535758,18.77690197,BHNS,711.39,bhansi
83.208205,17.954719,KPL,660.81,kantakapalle
73.175422,22.232706,MPR,834.61,makarpura
73.508313,22.161144,AMLP,776.03,amalpur
71.699156,21.944013,ALMR,834.61,alampur
71.9263402661,21.6492510362,KNAD,707.46,kanad
75.829546,22.670031,RJQ,724.99,rajendranagar
78.251975,21.943048,JMV,723.96,jambara
70.492663,21.611243,VAL,561.27,vadal
70.295846,21.361073,BDDR,826.21,badodar
70.330818,20.986795,ADE,818.57,adari road
72.246237,23.409181,KTRD,522.84,katosan road
70.793468,21.714204,VVD,638.04,vavdi
74.179638,24.528647,BNNR,717.62,bhindar
73.637024,29.298805,KYNT,704.82,kalyankot
75.934247,20.976217,ACG,801.07,achegaon
78.376203,20.737041,KAOT,746.04,kaotha
79.030314,20.993596,GMG,823.41,gumgaon
78.915861,21.229072,KSWR,770.61,kalmeshwar
78.334344,21.761852,HTN,793.81,hatnapur
77.920758,22.197033,BBTR,692.37,barbatpur
78.6700027,20.6738192,BPK,646.9,bhugaon
78.709706,20.629319,SNN,801.07,sonegaon
78.889984,20.406983,NGI,766.47,nagari
81.4075072687,23.2539605756,SNGP,674.2,singhpur
81.211862,24.001215,BBAR,488.24,bara
77.848219,23.551699,SORI,607.97,sorai
88.369524,22.782449,PTF,776.79,palta
86.6920701,24.4892623,BDME,490.99,baidyanathdham
85.285092,26.198944,KTI,864.46,kanti
84.2312677661,25.1739936806,MANI,686.62,mani nagar
85.2923767371,25.4485799037,NARD,808.49,naika road h
77.643211,28.415313,DKDE,793.81,dankaur
77.5937373035,28.4728347205,AJR,931.75,ajaibpur
81.8894849231,25.6322106511,DLPR,793.81,dayalpur
82.020731,26.049174,RMGJ,549.7,ramganj
81.23044,26.699202,CDRL,769.16,chhandrauli
76.966178,29.449652,BBDE,748.96,babarpur
80.12429014,26.46811536,BPU,746.47,bhaupur
80.025181,26.476492,MTO,681.25,maitha
79.826878,26.515364,AAP,840.0,ambiapur
81.442017,25.585017,BDNP,793.81,bidanpur
80.360645,26.428098,CNBI,769.16,chandari
78.42955,25.211179,BPW,621.2,burhpura
78.478365,25.304158,KHJ,705.04,khajraha
76.6960924713,27.1106230397,BW,832.11,biwai
77.674711,26.327284,BHAT,858.76,bhatpura
83.126022,25.557959,FRDH,554.59,faridaha
79.7188409808,13.0857348949,MSU,627.55,mosur
80.057147,12.844886,GI,286.32,guduvancheri
80.0010589618,12.7624604323,SKL,334.12,singaperumalkoil
79.98366,12.7302,PWU,750.41,paranur
81.662635,16.725964,VPU,817.2,velpuru
82.459164,23.315091,NGE,766.47,nagar
79.326499,21.400715,RTK,762.15,ramtek
79.867537,20.603943,BMP,663.46,bramhapuri
80.147349,21.222011,GNL,761.47,gongle
73.012475,22.602488,SNA,793.81,sadanapura
75.79985,22.829589,PLA,776.79,palia
74.176780918,18.2300065666,DNJ,740.46,daundaj
74.967125,17.084723,LNP,700.91,langarpeth
74.459554,17.049465,ANQ,793.81,amnapur
74.5590299896,16.9640285619,NDE,629.14,nandre
75.432931,32.440429,BDHY,714.25,budhi
75.613465,32.31198,SJNP,728.26,sujanpur
93.9604479663,26.3877071452,JMI,781.61,jamguri
92.919609,26.448121,AONI,520.59,amoni
87.529496,25.953959,JAG,842.79,jalalgarh
77.313184,15.542335,NRR,766.47,nagarur
77.047217,21.095661,AKOT,764.72,akot
72.748038,23.168331,DBO,777.44,dabhoda
73.726342,23.91693,KTOA,746.04,kotana
73.778291,24.306135,PDQ,776.79,padla
70.8969253271,22.7738973454,RF,770.61,rafleshwar
